Workbook

Sheet Getting Started
B2: How to Setup This Transcript
B3: FALSE | C3: Make a copy of this spreadsheet by clicking this link and then clicking "Make a copy"
B4: FALSE | C4: Fill in the header information below this section to the right. This information will be automatically attached to all of the headers throughout this transcript
B5: FALSE | C5: Fill in the "Grading Period" cell in the spreadsheet controls (below this section, to the left). This controls whether the transcript will be separated by year, semester, trimester, or quarter
F8: Header Information
F9: Student Information | H9: School Information
B10: Spreadsheet Controls | F10: Full Name | H10: Name
B11: Grading Period | F11: Date of Birth | H11: Phone Number
F12: Parent/Guardian | H12: Address
F14: Expected Graduation | H14: Email Address
B17: How to Use This Transcript
B18: How to use the Grade Sheets | F18: How to use the 'Books' and 'Leadership Roles & Awards' Sheets
B19: Switch between this sheet and the different grade sheets (e.g. "1st Grade (Year)" and "3rd Grade (Trimester)") by clicking the tabs at the bottom of your browser window You can change the grade scale of each sheet by looking in the top left corner for the "Grade Scale" cell By clicking the dropdown, you can choose between 0-4, 0-100, Letter, and None, which will adapt the sheet to your needs If you select the 0-4, 0-100, or Letter grade scale, the sheet will automatically calculate your Grade Point Average and also your total credits To print your transcript, press and hold the Control (or "Ctrl") key and press the P key This transcript is designed for Letter paper | F19: These sheets are to help you track additional information that is often requested along with a transcript. Switch between this sheet and the 'Books' and 'Leadership Roles & Awards' sheets by clicking the tabs at the bottom of your browser window Fill in the books your child has read, the leadership roles they have held, and the leadership awards they have received by entering them into each row To print your transcript, press and hold the Control (or "Ctrl") key and press the P key This transcript is designed for Letter paper

Sheet Books
B1: Student Information | D1: School Information
B2: Full Name | C2: ='Getting Started'!$G$10 | D2: Name | E2: ='Getting Started'!$I$10
B3: Date of Birth | C3: ='Getting Started'!$G$11 | D3: Phone Number | E3: ='Getting Started'!$I$11
B4: Parent/Guardian | C4: ='Getting Started'!$G$12 | D4: Address | E4: ='Getting Started'!$I$12
B5: Expected Graduation | C5: ='Getting Started'!$G$14 | D5: Email Address | E5: ='Getting Started'!$I$14
B6: Title | C6: Author | D6: Grade Read | E6: Lexile Level
A26: 1
B28: Student Information | D28: School Information
B29: Full Name | C29: ='Getting Started'!$G$10 | D29: Name | E29: ='Getting Started'!$I$10
B30: Date of Birth | C30: ='Getting Started'!$G$11 | D30: Phone Number | E30: ='Getting Started'!$I$11
B31: Parent/Guardian | C31: ='Getting Started'!$G$12 | D31: Address | E31: ='Getting Started'!$I$12
B32: Expected Graduation | C32: ='Getting Started'!$G$14 | D32: Email Address | E32: ='Getting Started'!$I$14
B33: Title | C33: Author | D33: Grade Read | E33: Lexile Level
A53: 2
B55: Student Information | D55: School Information
B56: Full Name | C56: ='Getting Started'!$G$10 | D56: Name | E56: ='Getting Started'!$I$10
B57: Date of Birth | C57: ='Getting Started'!$G$11 | D57: Phone Number | E57: ='Getting Started'!$I$11
B58: Parent/Guardian | C58: ='Getting Started'!$G$12 | D58: Address | E58: ='Getting Started'!$I$12
B59: Expected Graduation | C59: ='Getting Started'!$G$14 | D59: Email Address | E59: ='Getting Started'!$I$14
B60: Title | C60: Author | D60: Grade Read | E60: Lexile Level
A80: 3
B82: Student Information | D82: School Information
B83: Full Name | C83: ='Getting Started'!$G$10 | D83: Name | E83: ='Getting Started'!$I$10
B84: Date of Birth | C84: ='Getting Started'!$G$11 | D84: Phone Number | E84: ='Getting Started'!$I$11
B85: Parent/Guardian | C85: ='Getting Started'!$G$12 | D85: Address | E85: ='Getting Started'!$I$12
B86: Expected Graduation | C86: ='Getting Started'!$G$14 | D86: Email Address | E86: ='Getting Started'!$I$14
B87: Title | C87: Author | D87: Grade Read | E87: Lexile Level
A107: 4
B109: Student Information | D109: School Information
B110: Full Name | C110: ='Getting Started'!$G$10 | D110: Name | E110: ='Getting Started'!$I$10
B111: Date of Birth | C111: ='Getting Started'!$G$11 | D111: Phone Number | E111: ='Getting Started'!$I$11
B112: Parent/Guardian | C112: ='Getting Started'!$G$12 | D112: Address | E112: ='Getting Started'!$I$12
B113: Expected Graduation | C113: ='Getting Started'!$G$14 | D113: Email Address | E113: ='Getting Started'!$I$14
B114: Title | C114: Author | D114: Grade Read | E114: Lexile Level
A134: 5
B136: Student Information | D136: School Information
B137: Full Name | C137: ='Getting Started'!$G$10 | D137: Name | E137: ='Getting Started'!$I$10
B138: Date of Birth | C138: ='Getting Started'!$G$11 | D138: Phone Number | E138: ='Getting Started'!$I$11
B139: Parent/Guardian | C139: ='Getting Started'!$G$12 | D139: Address | E139: ='Getting Started'!$I$12
B140: Expected Graduation | C140: ='Getting Started'!$G$14 | D140: Email Address | E140: ='Getting Started'!$I$14
B141: Title | C141: Author | D141: Grade Read | E141: Lexile Level
A161: 6
B163: Student Information | D163: School Information
B164: Full Name | C164: ='Getting Started'!$G$10 | D164: Name | E164: ='Getting Started'!$I$10
B165: Date of Birth | C165: ='Getting Started'!$G$11 | D165: Phone Number | E165: ='Getting Started'!$I$11
B166: Parent/Guardian | C166: ='Getting Started'!$G$12 | D166: Address | E166: ='Getting Started'!$I$12
B167: Expected Graduation | C167: ='Getting Started'!$G$14 | D167: Email Address | E167: ='Getting Started'!$I$14
B168: Title | C168: Author | D168: Grade Read | E168: Lexile Level
A188: 7
B190: Student Information | D190: School Information
B191: Full Name | C191: ='Getting Started'!$G$10 | D191: Name | E191: ='Getting Started'!$I$10
B192: Date of Birth | C192: ='Getting Started'!$G$11 | D192: Phone Number | E192: ='Getting Started'!$I$11
B193: Parent/Guardian | C193: ='Getting Started'!$G$12 | D193: Address | E193: ='Getting Started'!$I$12
B194: Expected Graduation | C194: ='Getting Started'!$G$14 | D194: Email Address | E194: ='Getting Started'!$I$14
B195: Title | C195: Author | D195: Grade Read | E195: Lexile Level
A215: 8
B217: Student Information | D217: School Information
B218: Full Name | C218: ='Getting Started'!$G$10 | D218: Name | E218: ='Getting Started'!$I$10
B219: Date of Birth | C219: ='Getting Started'!$G$11 | D219: Phone Number | E219: ='Getting Started'!$I$11
B220: Parent/Guardian | C220: ='Getting Started'!$G$12 | D220: Address | E220: ='Getting Started'!$I$12
B221: Expected Graduation | C221: ='Getting Started'!$G$14 | D221: Email Address | E221: ='Getting Started'!$I$14
B222: Title | C222: Author | D222: Grade Read | E222: Lexile Level
A242: 9
B244: Student Information | D244: School Information
B245: Full Name | C245: ='Getting Started'!$G$10 | D245: Name | E245: ='Getting Started'!$I$10
B246: Date of Birth | C246: ='Getting Started'!$G$11 | D246: Phone Number | E246: ='Getting Started'!$I$11
B247: Parent/Guardian | C247: ='Getting Started'!$G$12 | D247: Address | E247: ='Getting Started'!$I$12
B248: Expected Graduation | C248: ='Getting Started'!$G$14 | D248: Email Address | E248: ='Getting Started'!$I$14
B249: Title | C249: Author | D249: Grade Read | E249: Lexile Level
A269: 10
B271: Student Information | D271: School Information
B272: Full Name | C272: ='Getting Started'!$G$10 | D272: Name | E272: ='Getting Started'!$I$10
B273: Date of Birth | C273: ='Getting Started'!$G$11 | D273: Phone Number | E273: ='Getting Started'!$I$11
B274: Parent/Guardian | C274: ='Getting Started'!$G$12 | D274: Address | E274: ='Getting Started'!$I$12
B275: Expected Graduation | C275: ='Getting Started'!$G$14 | D275: Email Address | E275: ='Getting Started'!$I$14
B276: Title | C276: Author | D276: Grade Read | E276: Lexile Level
A296: 11
B298: Student Information | D298: School Information
B299: Full Name | C299: ='Getting Started'!$G$10 | D299: Name | E299: ='Getting Started'!$I$10
B300: Date of Birth | C300: ='Getting Started'!$G$11 | D300: Phone Number | E300: ='Getting Started'!$I$11
B301: Parent/Guardian | C301: ='Getting Started'!$G$12 | D301: Address | E301: ='Getting Started'!$I$12
B302: Expected Graduation | C302: ='Getting Started'!$G$14 | D302: Email Address | E302: ='Getting Started'!$I$14
B303: Title | C303: Author | D303: Grade Read | E303: Lexile Level
A323: 12
B325: Student Information | D325: School Information
B326: Full Name | C326: ='Getting Started'!$G$10 | D326: Name | E326: ='Getting Started'!$I$10
B327: Date of Birth | C327: ='Getting Started'!$G$11 | D327: Phone Number | E327: ='Getting Started'!$I$11
B328: Parent/Guardian | C328: ='Getting Started'!$G$12 | D328: Address | E328: ='Getting Started'!$I$12
B329: Expected Graduation | C329: ='Getting Started'!$G$14 | D329: Email Address | E329: ='Getting Started'!$I$14
B330: Title | C330: Author | D330: Grade Read | E330: Lexile Level
A350: 13
B352: Student Information | D352: School Information
B353: Full Name | C353: ='Getting Started'!$G$10 | D353: Name | E353: ='Getting Started'!$I$10
B354: Date of Birth | C354: ='Getting Started'!$G$11 | D354: Phone Number | E354: ='Getting Started'!$I$11
B355: Parent/Guardian | C355: ='Getting Started'!$G$12 | D355: Address | E355: ='Getting Started'!$I$12
B356: Expected Graduation | C356: ='Getting Started'!$G$14 | D356: Email Address | E356: ='Getting Started'!$I$14
B357: Title | C357: Author | D357: Grade Read | E357: Lexile Level
A377: 14
B379: Student Information | D379: School Information
B380: Full Name | C380: ='Getting Started'!$G$10 | D380: Name | E380: ='Getting Started'!$I$10
...

Sheet Leadership Roles & Awards
B1: Student Information | D1: School Information
B2: Full Name | C2: ='Getting Started'!$G$10 | D2: Name | E2: ='Getting Started'!$I$10
B3: Date of Birth | C3: ='Getting Started'!$G$11 | D3: Phone Number | E3: ='Getting Started'!$I$11
B4: Parent/Guardian | C4: ='Getting Started'!$G$12 | D4: Address | E4: ='Getting Started'!$I$12
B5: Expected Graduation | C5: ='Getting Started'!$G$14 | D5: Email Address | E5: ='Getting Started'!$I$14
B6: Role/Award | C6: Organization | D6: Date Start | E6: Date End
A26: 1
B28: Student Information | D28: School Information
B29: Full Name | C29: ='Getting Started'!$G$10 | D29: Name | E29: ='Getting Started'!$I$10
B30: Date of Birth | C30: ='Getting Started'!$G$11 | D30: Phone Number | E30: ='Getting Started'!$I$11
B31: Parent/Guardian | C31: ='Getting Started'!$G$12 | D31: Address | E31: ='Getting Started'!$I$12
B32: Expected Graduation | C32: ='Getting Started'!$G$14 | D32: Email Address | E32: ='Getting Started'!$I$14
B33: Role/Award | C33: Organization | D33: Date Start | E33: Date End
A53: 2
B55: Student Information | D55: School Information
B56: Full Name | C56: ='Getting Started'!$G$10 | D56: Name | E56: ='Getting Started'!$I$10
B57: Date of Birth | C57: ='Getting Started'!$G$11 | D57: Phone Number | E57: ='Getting Started'!$I$11
B58: Parent/Guardian | C58: ='Getting Started'!$G$12 | D58: Address | E58: ='Getting Started'!$I$12
B59: Expected Graduation | C59: ='Getting Started'!$G$14 | D59: Email Address | E59: ='Getting Started'!$I$14
B60: Role/Award | C60: Organization | D60: Date Start | E60: Date End
A80: 3
B82: Student Information | D82: School Information
B83: Full Name | C83: ='Getting Started'!$G$10 | D83: Name | E83: ='Getting Started'!$I$10
B84: Date of Birth | C84: ='Getting Started'!$G$11 | D84: Phone Number | E84: ='Getting Started'!$I$11
B85: Parent/Guardian | C85: ='Getting Started'!$G$12 | D85: Address | E85: ='Getting Started'!$I$12
B86: Expected Graduation | C86: ='Getting Started'!$G$14 | D86: Email Address | E86: ='Getting Started'!$I$14
B87: Role/Award | C87: Organization | D87: Date Start | E87: Date End
A107: 4
B109: Student Information | D109: School Information
B110: Full Name | C110: ='Getting Started'!$G$10 | D110: Name | E110: ='Getting Started'!$I$10
B111: Date of Birth | C111: ='Getting Started'!$G$11 | D111: Phone Number | E111: ='Getting Started'!$I$11
B112: Parent/Guardian | C112: ='Getting Started'!$G$12 | D112: Address | E112: ='Getting Started'!$I$12
B113: Expected Graduation | C113: ='Getting Started'!$G$14 | D113: Email Address | E113: ='Getting Started'!$I$14
B114: Role/Award | C114: Organization | D114: Date Start | E114: Date End
A134: 5
B136: Student Information | D136: School Information
B137: Full Name | C137: ='Getting Started'!$G$10 | D137: Name | E137: ='Getting Started'!$I$10
B138: Date of Birth | C138: ='Getting Started'!$G$11 | D138: Phone Number | E138: ='Getting Started'!$I$11
B139: Parent/Guardian | C139: ='Getting Started'!$G$12 | D139: Address | E139: ='Getting Started'!$I$12
B140: Expected Graduation | C140: ='Getting Started'!$G$14 | D140: Email Address | E140: ='Getting Started'!$I$14
B141: Role/Award | C141: Organization | D141: Date Start | E141: Date End
A161: 6
B163: Student Information | D163: School Information
B164: Full Name | C164: ='Getting Started'!$G$10 | D164: Name | E164: ='Getting Started'!$I$10
B165: Date of Birth | C165: ='Getting Started'!$G$11 | D165: Phone Number | E165: ='Getting Started'!$I$11
B166: Parent/Guardian | C166: ='Getting Started'!$G$12 | D166: Address | E166: ='Getting Started'!$I$12
B167: Expected Graduation | C167: ='Getting Started'!$G$14 | D167: Email Address | E167: ='Getting Started'!$I$14
B168: Role/Award | C168: Organization | D168: Date Start | E168: Date End
A188: 7
B190: Student Information | D190: School Information
B191: Full Name | C191: ='Getting Started'!$G$10 | D191: Name | E191: ='Getting Started'!$I$10
B192: Date of Birth | C192: ='Getting Started'!$G$11 | D192: Phone Number | E192: ='Getting Started'!$I$11
B193: Parent/Guardian | C193: ='Getting Started'!$G$12 | D193: Address | E193: ='Getting Started'!$I$12
B194: Expected Graduation | C194: ='Getting Started'!$G$14 | D194: Email Address | E194: ='Getting Started'!$I$14
B195: Role/Award | C195: Organization | D195: Date Start | E195: Date End
A215: 8
B217: Student Information | D217: School Information
B218: Full Name | C218: ='Getting Started'!$G$10 | D218: Name | E218: ='Getting Started'!$I$10
B219: Date of Birth | C219: ='Getting Started'!$G$11 | D219: Phone Number | E219: ='Getting Started'!$I$11
B220: Parent/Guardian | C220: ='Getting Started'!$G$12 | D220: Address | E220: ='Getting Started'!$I$12
B221: Expected Graduation | C221: ='Getting Started'!$G$14 | D221: Email Address | E221: ='Getting Started'!$I$14
B222: Role/Award | C222: Organization | D222: Date Start | E222: Date End
A242: 9
B244: Student Information | D244: School Information
B245: Full Name | C245: ='Getting Started'!$G$10 | D245: Name | E245: ='Getting Started'!$I$10
B246: Date of Birth | C246: ='Getting Started'!$G$11 | D246: Phone Number | E246: ='Getting Started'!$I$11
B247: Parent/Guardian | C247: ='Getting Started'!$G$12 | D247: Address | E247: ='Getting Started'!$I$12
B248: Expected Graduation | C248: ='Getting Started'!$G$14 | D248: Email Address | E248: ='Getting Started'!$I$14
B249: Role/Award | C249: Organization | D249: Date Start | E249: Date End
A269: 10
B271: Student Information | D271: School Information
B272: Full Name | C272: ='Getting Started'!$G$10 | D272: Name | E272: ='Getting Started'!$I$10
B273: Date of Birth | C273: ='Getting Started'!$G$11 | D273: Phone Number | E273: ='Getting Started'!$I$11
B274: Parent/Guardian | C274: ='Getting Started'!$G$12 | D274: Address | E274: ='Getting Started'!$I$12
B275: Expected Graduation | C275: ='Getting Started'!$G$14 | D275: Email Address | E275: ='Getting Started'!$I$14
B276: Role/Award | C276: Organization | D276: Date Start | E276: Date End
A296: 11
B298: Student Information | D298: School Information
B299: Full Name | C299: ='Getting Started'!$G$10 | D299: Name | E299: ='Getting Started'!$I$10
B300: Date of Birth | C300: ='Getting Started'!$G$11 | D300: Phone Number | E300: ='Getting Started'!$I$11
B301: Parent/Guardian | C301: ='Getting Started'!$G$12 | D301: Address | E301: ='Getting Started'!$I$12
B302: Expected Graduation | C302: ='Getting Started'!$G$14 | D302: Email Address | E302: ='Getting Started'!$I$14
B303: Role/Award | C303: Organization | D303: Date Start | E303: Date End
A323: 12
B325: Student Information | D325: School Information
B326: Full Name | C326: ='Getting Started'!$G$10 | D326: Name | E326: ='Getting Started'!$I$10
B327: Date of Birth | C327: ='Getting Started'!$G$11 | D327: Phone Number | E327: ='Getting Started'!$I$11
B328: Parent/Guardian | C328: ='Getting Started'!$G$12 | D328: Address | E328: ='Getting Started'!$I$12
B329: Expected Graduation | C329: ='Getting Started'!$G$14 | D329: Email Address | E329: ='Getting Started'!$I$14
B330: Role/Award | C330: Organization | D330: Date Start | E330: Date End
A350: 13
B352: Student Information | D352: School Information
B353: Full Name | C353: ='Getting Started'!$G$10 | D353: Name | E353: ='Getting Started'!$I$10
B354: Date of Birth | C354: ='Getting Started'!$G$11 | D354: Phone Number | E354: ='Getting Started'!$I$11
B355: Parent/Guardian | C355: ='Getting Started'!$G$12 | D355: Address | E355: ='Getting Started'!$I$12
B356: Expected Graduation | C356: ='Getting Started'!$G$14 | D356: Email Address | E356: ='Getting Started'!$I$14
B357: Role/Award | C357: Organization | D357: Date Start | E357: Date End
A377: 14
B379: Student Information | D379: School Information
B380: Full Name | C380: ='Getting Started'!$G$10 | D380: Name | E380: ='Getting Started'!$I$10
...

Sheet Kindergarten (Year)
C1: Student Information | I1: School Information
B2: Grade Scale | C2: Full Name | F2: ='Getting Started'!$G$10 | I2: Name | K2: ='Getting Started'!$I$10
B3: 0-4 | C3: Date of Birth | F3: ='Getting Started'!$G$11 | I3: Phone Number | K3: ='Getting Started'!$I$11
C4: Parent/Guardian | F4: ='Getting Started'!$G$12 | I4: Address | K4: ='Getting Started'!$I$12
C5: Expected Graduation | F5: ='Getting Started'!$G$14 | I5: Email Address | K5: ='Getting Started'!$I$14
B6: Classes
B7: Course Title | K7: Credits | L7: Met Requirements | M7: Grade | O7: Weight
L8: FALSE
L9: FALSE
L10: FALSE
L11: FALSE
L12: FALSE
L13: FALSE
L14: FALSE
L15: FALSE
L16: FALSE
L17: FALSE
L18: FALSE
L19: FALSE
... L49: FALSE
B51: MAP Scores | J51: Cumulative
B52: Subject | C52: RIT Score | F52: Percentile | J52: Grade Point Average | M52: Total Credits
C53: Spring | D53: Fall | E53: Winter | F53: Spring | G53: Fall | H53: Winter | J53: {=GPA({$K$8:$K$49,$M$8:$M$49,$O$8:$O$49},1,2)} -> Loading... | M53: {=CREDITSSUM({$K$8:$K$49,$M$8:$M$49},1,2)} -> Loading...
B54: Math
B55: Reading

Sheet 1st Grade (Year)
C1: Student Information | I1: School Information
B2: Grade Scale | C2: Full Name | F2: ='Getting Started'!$G$10 | I2: Name | K2: ='Getting Started'!$I$10
B3: 0-4 | C3: Date of Birth | F3: ='Getting Started'!$G$11 | I3: Phone Number | K3: ='Getting Started'!$I$11
C4: Parent/Guardian | F4: ='Getting Started'!$G$12 | I4: Address | K4: ='Getting Started'!$I$12
C5: Expected Graduation | F5: ='Getting Started'!$G$14 | I5: Email Address | K5: ='Getting Started'!$I$14
B6: Classes
B7: Course Title | K7: Credits | L7: Met Requirements | M7: Grade | O7: Weight
L8: FALSE
L9: FALSE
L10: FALSE
L11: FALSE
L12: FALSE
L13: FALSE
L14: FALSE
L15: FALSE
L16: FALSE
L17: FALSE
L18: FALSE
L19: FALSE
... L49: FALSE
B51: MAP Scores | J51: Cumulative
B52: Subject | C52: RIT Score | F52: Percentile | J52: Grade Point Average | M52: Total Credits
C53: Spring | D53: Fall | E53: Winter | F53: Spring | G53: Fall | H53: Winter | J53: {=GPA({$K$8:$K$49,$M$8:$M$49,$O$8:$O$49},1,2)} -> Loading... | M53: {=CREDITSSUM({$K$8:$K$49,$M$8:$M$49},1,2)} -> Loading...
B54: Math
B55: Reading

Sheet 2nd Grade (Year)
C1: Student Information | I1: School Information
B2: Grade Scale | C2: Full Name | F2: ='Getting Started'!$G$10 | I2: Name | K2: ='Getting Started'!$I$10
B3: 0-4 | C3: Date of Birth | F3: ='Getting Started'!$G$11 | I3: Phone Number | K3: ='Getting Started'!$I$11
C4: Parent/Guardian | F4: ='Getting Started'!$G$12 | I4: Address | K4: ='Getting Started'!$I$12
C5: Expected Graduation | F5: ='Getting Started'!$G$14 | I5: Email Address | K5: ='Getting Started'!$I$14
B6: Classes
B7: Course Title | K7: Credits | L7: Met Requirements | M7: Grade | O7: Weight
L8: FALSE
L9: FALSE
L10: FALSE
L11: FALSE
L12: FALSE
L13: FALSE
L14: FALSE
L15: FALSE
L16: FALSE
L17: FALSE
L18: FALSE
L19: FALSE
... L49: FALSE
B51: MAP Scores | J51: Cumulative
B52: Subject | C52: RIT Score | F52: Percentile | J52: Grade Point Average | M52: Total Credits
C53: Spring | D53: Fall | E53: Winter | F53: Spring | G53: Fall | H53: Winter | J53: {=GPA({$K$8:$K$49,$M$8:$M$49,$O$8:$O$49},1,2)} -> Loading... | M53: {=CREDITSSUM({$K$8:$K$49,$M$8:$M$49},1,2)} -> Loading...
B54: Math
B55: Reading

Sheet 3rd Grade (Year)
C1: Student Information | I1: School Information
B2: Grade Scale | C2: Full Name | F2: ='Getting Started'!$G$10 | I2: Name | K2: ='Getting Started'!$I$10
B3: 0-4 | C3: Date of Birth | F3: ='Getting Started'!$G$11 | I3: Phone Number | K3: ='Getting Started'!$I$11
C4: Parent/Guardian | F4: ='Getting Started'!$G$12 | I4: Address | K4: ='Getting Started'!$I$12
C5: Expected Graduation | F5: ='Getting Started'!$G$14 | I5: Email Address | K5: ='Getting Started'!$I$14
B6: Classes
B7: Course Title | K7: Credits | L7: Met Requirements | M7: Grade | O7: Weight
L8: FALSE
L9: FALSE
L10: FALSE
L11: FALSE
L12: FALSE
L13: FALSE
L14: FALSE
L15: FALSE
L16: FALSE
L17: FALSE
L18: FALSE
L19: FALSE
... L49: FALSE
B51: MAP Scores | J51: Cumulative
B52: Subject | C52: RIT Score | F52: Percentile | J52: Grade Point Average | M52: Total Credits
C53: Spring | D53: Fall | E53: Winter | F53: Spring | G53: Fall | H53: Winter | J53: {=GPA({$K$8:$K$49,$M$8:$M$49,$O$8:$O$49},1,2)} -> Loading... | M53: {=CREDITSSUM({$K$8:$K$49,$M$8:$M$49},1,2)} -> Loading...
B54: Math
B55: Reading
B56: Language Usage
B57: Science

Sheet 4th Grade (Year)
C1: Student Information | I1: School Information
B2: Grade Scale | C2: Full Name | F2: ='Getting Started'!$G$10 | I2: Name | K2: ='Getting Started'!$I$10
B3: 0-4 | C3: Date of Birth | F3: ='Getting Started'!$G$11 | I3: Phone Number | K3: ='Getting Started'!$I$11
C4: Parent/Guardian | F4: ='Getting Started'!$G$12 | I4: Address | K4: ='Getting Started'!$I$12
C5: Expected Graduation | F5: ='Getting Started'!$G$14 | I5: Email Address | K5: ='Getting Started'!$I$14
B6: Classes
B7: Course Title | K7: Credits | L7: Met Requirements | M7: Grade | O7: Weight
L8: FALSE
L9: FALSE
L10: FALSE
L11: FALSE
L12: FALSE
L13: FALSE
L14: FALSE
L15: FALSE
L16: FALSE
L17: FALSE
L18: FALSE
L19: FALSE
... L49: FALSE
B51: MAP Scores | J51: Cumulative
B52: Subject | C52: RIT Score | F52: Percentile | J52: Grade Point Average | M52: Total Credits
C53: Spring | D53: Fall | E53: Winter | F53: Spring | G53: Fall | H53: Winter | J53: {=GPA({$K$8:$K$49,$M$8:$M$49,$O$8:$O$49},1,2)} -> Loading... | M53: {=CREDITSSUM({$K$8:$K$49,$M$8:$M$49},1,2)} -> Loading...
B54: Math
B55: Reading
B56: Language Usage
B57: Science

Sheet 5th Grade (Year)
C1: Student Information | I1: School Information
B2: Grade Scale | C2: Full Name | F2: ='Getting Started'!$G$10 | I2: Name | K2: ='Getting Started'!$I$10
B3: 0-4 | C3: Date of Birth | F3: ='Getting Started'!$G$11 | I3: Phone Number | K3: ='Getting Started'!$I$11
C4: Parent/Guardian | F4: ='Getting Started'!$G$12 | I4: Address | K4: ='Getting Started'!$I$12
C5: Expected Graduation | F5: ='Getting Started'!$G$14 | I5: Email Address | K5: ='Getting Started'!$I$14
B6: Classes
B7: Course Title | K7: Credits | L7: Met Requirements | M7: Grade | O7: Weight
L8: FALSE
L9: FALSE
L10: FALSE
L11: FALSE
L12: FALSE
L13: FALSE
L14: FALSE
L15: FALSE
L16: FALSE
L17: FALSE
L18: FALSE
L19: FALSE
... L49: FALSE
B51: MAP Scores | J51: Cumulative
B52: Subject | C52: RIT Score | F52: Percentile | J52: Grade Point Average | M52: Total Credits
C53: Spring | D53: Fall | E53: Winter | F53: Spring | G53: Fall | H53: Winter | J53: {=GPA({$K$8:$K$49,$M$8:$M$49,$O$8:$O$49},1,2)} -> Loading... | M53: {=CREDITSSUM({$K$8:$K$49,$M$8:$M$49},1,2)} -> Loading...
B54: Math
B55: Reading
B56: Language Usage
B57: Science

Sheet 6th Grade (Year)
C1: Student Information | I1: School Information
B2: Grade Scale | C2: Full Name | F2: ='Getting Started'!$G$10 | I2: Name | K2: ='Getting Started'!$I$10
B3: 0-4 | C3: Date of Birth | F3: ='Getting Started'!$G$11 | I3: Phone Number | K3: ='Getting Started'!$I$11
C4: Parent/Guardian | F4: ='Getting Started'!$G$12 | I4: Address | K4: ='Getting Started'!$I$12
C5: Expected Graduation | F5: ='Getting Started'!$G$14 | I5: Email Address | K5: ='Getting Started'!$I$14
B6: Classes
B7: Course Title | K7: Credits | L7: Met Requirements | M7: Grade | O7: Weight
L8: FALSE
L9: FALSE
L10: FALSE
L11: FALSE
L12: FALSE
L13: FALSE
L14: FALSE
L15: FALSE
L16: FALSE
L17: FALSE
L18: FALSE
L19: FALSE
... L49: FALSE
B51: MAP Scores | J51: Cumulative
B52: Subject | C52: RIT Score | F52: Percentile | J52: Grade Point Average | M52: Total Credits
C53: Spring | D53: Fall | E53: Winter | F53: Spring | G53: Fall | H53: Winter | J53: {=GPA({$K$8:$K$49,$M$8:$M$49,$O$8:$O$49},1,2)} -> Loading... | M53: {=CREDITSSUM({$K$8:$K$49,$M$8:$M$49},1,2)} -> Loading...
B54: Math
B55: Reading
B56: Language Usage
B57: Science

Sheet 7th Grade (Year)
C1: Student Information | I1: School Information
B2: Grade Scale | C2: Full Name | F2: ='Getting Started'!$G$10 | I2: Name | K2: ='Getting Started'!$I$10
B3: 0-4 | C3: Date of Birth | F3: ='Getting Started'!$G$11 | I3: Phone Number | K3: ='Getting Started'!$I$11
C4: Parent/Guardian | F4: ='Getting Started'!$G$12 | I4: Address | K4: ='Getting Started'!$I$12
C5: Expected Graduation | F5: ='Getting Started'!$G$14 | I5: Email Address | K5: ='Getting Started'!$I$14
B6: Classes
B7: Course Title | K7: Credits | L7: Met Requirements | M7: Grade | O7: Weight
L8: FALSE
L9: FALSE
L10: FALSE
L11: FALSE
L12: FALSE
L13: FALSE
L14: FALSE
L15: FALSE
L16: FALSE
L17: FALSE
L18: FALSE
L19: FALSE
... L49: FALSE
B51: MAP Scores | J51: Cumulative
B52: Subject | C52: RIT Score | F52: Percentile | J52: Grade Point Average | M52: Total Credits
C53: Spring | D53: Fall | E53: Winter | F53: Spring | G53: Fall | H53: Winter | J53: {=GPA({$K$8:$K$49,$M$8:$M$49,$O$8:$O$49},1,2)} -> Loading... | M53: {=CREDITSSUM({$K$8:$K$49,$M$8:$M$49},1,2)} -> Loading...
B54: Math
B55: Reading
B56: Language Usage
B57: Science

Sheet 8th Grade (Year)
C1: Student Information | I1: School Information
B2: Grade Scale | C2: Full Name | F2: ='Getting Started'!$G$10 | I2: Name | K2: ='Getting Started'!$I$10
B3: 0-4 | C3: Date of Birth | F3: ='Getting Started'!$G$11 | I3: Phone Number | K3: ='Getting Started'!$I$11
C4: Parent/Guardian | F4: ='Getting Started'!$G$12 | I4: Address | K4: ='Getting Started'!$I$12
C5: Expected Graduation | F5: ='Getting Started'!$G$14 | I5: Email Address | K5: ='Getting Started'!$I$14
B6: Classes
B7: Course Title | K7: Credits | L7: Met Requirements | M7: Grade | O7: Weight
L8: FALSE
L9: FALSE
L10: FALSE
L11: FALSE
L12: FALSE
L13: FALSE
L14: FALSE
L15: FALSE
L16: FALSE
L17: FALSE
L18: FALSE
L19: FALSE
... L49: FALSE
B51: MAP Scores | J51: Cumulative
B52: Subject | C52: RIT Score | F52: Percentile | J52: Grade Point Average | M52: Total Credits
C53: Spring | D53: Fall | E53: Winter | F53: Spring | G53: Fall | H53: Winter | J53: {=GPA({$K$8:$K$49,$M$8:$M$49,$O$8:$O$49},1,2)} -> Loading... | M53: {=CREDITSSUM({$K$8:$K$49,$M$8:$M$49},1,2)} -> Loading...
B54: Math
B55: Reading
B56: Language Usage
B57: Science

Sheet 9th Grade (Year)
C1: Student Information | I1: School Information
B2: Grade Scale
B3: 0-4 | C3: Full Name | F3: ='Getting Started'!$G$10 | I3: Name | K3: ='Getting Started'!$I$10
B4: Cumulative GPA | C4: Date of Birth | F4: ='Getting Started'!$G$11 | I4: Phone Number | K4: ='Getting Started'!$I$11
B5: =J55 -> Loading... | C5: Parent/Guardian | F5: ='Getting Started'!$G$12 | I5: Address | K5: ='Getting Started'!$I$12
B6: Total Credits
B7: =M55 -> Loading... | C7: Expected Graduation | F7: ='Getting Started'!$G$14 | I7: Email Address | K7: ='Getting Started'!$I$14
B8: Classes
B9: Course Title | K9: Credits | L9: Met Requirements | M9: Grade | O9: Weight
L11: FALSE
L12: FALSE
L13: FALSE
L14: FALSE
L15: FALSE
L16: FALSE
L17: FALSE
L18: FALSE
L19: FALSE
L20: FALSE
L21: FALSE
L22: FALSE
... L51: FALSE
B53: MAP Scores | J53: Cumulative
B54: Subject | C54: RIT Score | F54: Percentile | J54: Grade Point Average | M54: Total Credits
C55: Spring | D55: Fall | E55: Winter | F55: Spring | G55: Fall | H55: Winter | J55: {=GPA({$K$10:$K$51,$M$10:$M$51,$O$10:$O$51},1,2)} -> Loading... | M55: {=CREDITSSUM({$K$10:$K$51,$M$10:$M$51},1,2)} -> Loading...
B56: Math | I56: Notes
B57: Reading
B58: Language Usage
B59: Science

Sheet 10th Grade (Year)
C1: Student Information | I1: School Information
B2: Grade Scale
B3: 0-4 | C3: Full Name | F3: ='Getting Started'!$G$10 | I3: Name | K3: ='Getting Started'!$I$10
B4: Cumulative GPA | C4: Date of Birth | F4: ='Getting Started'!$G$11 | I4: Phone Number | K4: ='Getting Started'!$I$11
B5: {=GPA({'9th Grade (Year)'!$K$10:$K$51,'9th Grade (Year)'!$M$10:$M$51,'9th Grade (Year)'!$O$10:$O$51;$K$10:$K$51,$M$10:$M$51,$O$10:$O$51},1,2)} -> Loading... | C5: Parent/Guardian | F5: ='Getting Started'!$G$12 | I5: Address | K5: ='Getting Started'!$I$12
B6: Total Credits
B7: =IF('9th Grade (Year)'!B7+M55 = 0, "", '9th Grade (Year)'!B7+M55) -> Loading... | C7: Expected Graduation | F7: ='Getting Started'!$G$14 | I7: Email Address | K7: ='Getting Started'!$I$14
B8: Classes
B9: Course Title | K9: Credits | L9: Met Requirements | M9: Grade | O9: Weight
L10: FALSE
L11: FALSE
L12: FALSE
L13: FALSE
L14: FALSE
L15: FALSE
L16: FALSE
L17: FALSE
L18: FALSE
L19: FALSE
L20: FALSE
L21: FALSE
... L51: FALSE
B53: MAP Scores | J53: Cumulative
B54: Subject | C54: RIT Score | F54: Percentile | J54: Grade Point Average | M54: Total Credits
C55: Spring | D55: Fall | E55: Winter | F55: Spring | G55: Fall | H55: Winter | J55: {=GPA({$K$10:$K$51,$M$10:$M$51,$O$10:$O$51},1,2)} -> Loading... | M55: {=CREDITSSUM({$K$10:$K$51,$M$10:$M$51},1,2)} -> Loading...
B56: Math | I56: Notes
B57: Reading
B58: Language Usage
B59: Science

Sheet 11th Grade (Year)
C1: Student Information | I1: School Information
B2: Grade Scale
B3: 0-4 | C3: Full Name | F3: ='Getting Started'!$G$10 | I3: Name | K3: ='Getting Started'!$I$10
B4: Cumulative GPA | C4: Date of Birth | F4: ='Getting Started'!$G$11 | I4: Phone Number | K4: ='Getting Started'!$I$11
B5: {=GPA({'9th Grade (Year)'!$K$10:$K$51,'9th Grade (Year)'!$M$10:$M$51,'9th Grade (Year)'!$O$10:$O$51;'10th Grade (Year)'!$K$10:$K$51,'10th Grade (Year)'!$M$10:$M$51,'10th Grade (Year)'!$O$10:$O$51;$K$10:$K$51,$M$10:$M$51,$O$10:$O$51},1,2)} -> Loading... | C5: Parent/Guardian | F5: ='Getting Started'!$G$12 | I5: Address | K5: ='Getting Started'!$I$12
B6: Total Credits
B7: =IF('10th Grade (Year)'!B7+M55 = 0, "", '10th Grade (Year)'!B7+M55) -> Loading... | C7: Expected Graduation | F7: ='Getting Started'!$G$14 | I7: Email Address | K7: ='Getting Started'!$I$14
B8: Classes
B9: Course Title | K9: Credits | L9: Met Requirements | M9: Grade | O9: Weight
L10: FALSE
L11: FALSE
L12: FALSE
L13: FALSE
L14: FALSE
L15: FALSE
L16: FALSE
L17: FALSE
L18: FALSE
L19: FALSE
L20: FALSE
L21: FALSE
... L51: FALSE
B53: MAP Scores | J53: Cumulative
B54: Subject | C54: RIT Score | F54: Percentile | J54: Grade Point Average | M54: Total Credits
C55: Spring | D55: Fall | E55: Winter | F55: Spring | G55: Fall | H55: Winter | J55: {=GPA({$K$10:$K$51,$M$10:$M$51,$O$10:$O$51},1,2)} -> Loading... | M55: {=CREDITSSUM({$K$10:$K$51,$M$10:$M$51},1,2)} -> Loading...
B56: Math | I56: Notes
B57: Reading
B58: Language Usage
B59: Science

Sheet 12th Grade (Year)
C1: Student Information | I1: School Information
B2: Grade Scale
B3: 0-4 | C3: Full Name | F3: ='Getting Started'!$G$10 | I3: Name | K3: ='Getting Started'!$I$10
B4: Cumulative GPA | C4: Date of Birth | F4: ='Getting Started'!$G$11 | I4: Phone Number | K4: ='Getting Started'!$I$11
B5: {=GPA({'9th Grade (Year)'!$K$10:$K$51,'9th Grade (Year)'!$M$10:$M$51,'9th Grade (Year)'!$O$10:$O$51;'10th Grade (Year)'!$K$10:$K$51,'10th Grade (Year)'!$M$10:$M$51,'10th Grade (Year)'!$O$10:$O$51;'11th Grade (Year)'!$K$10:$K$51,'11th Grade (Year)'!$M$10:$M$51,'11th Grade (Year)'!$O$10:$O$51;$K$10:$K$51,$M$10:$M$51,$O$10:$O$51},1,2)} -> Loading... | C5: Parent/Guardian | F5: ='Getting Started'!$G$12 | I5: Address | K5: ='Getting Started'!$I$12
B6: Total Credits
B7: =IF('11th Grade (Year)'!B7+M55 = 0, "", '11th Grade (Year)'!B7+M55) -> Loading... | C7: Expected Graduation | F7: ='Getting Started'!$G$14 | I7: Email Address | K7: ='Getting Started'!$I$14
B8: Classes
B9: Course Title | K9: Credits | L9: Met Requirements | M9: Grade | O9: Weight
L12: FALSE
L13: FALSE
L14: FALSE
L15: FALSE
L16: FALSE
L17: FALSE
L18: FALSE
L19: FALSE
L20: FALSE
L21: FALSE
L22: FALSE
L23: FALSE
... L51: FALSE
B53: MAP Scores | J53: Cumulative
B54: Subject | C54: RIT Score | F54: Percentile | J54: Grade Point Average | M54: Total Credits
C55: Spring | D55: Fall | E55: Winter | F55: Spring | G55: Fall | H55: Winter | J55: {=GPA({$K$10:$K$51,$M$10:$M$51,$O$10:$O$51},1,2)} -> Loading... | M55: {=CREDITSSUM({$K$10:$K$51,$M$10:$M$51},1,2)} -> Loading...
B56: Math | I56: Notes
B57: Reading
B58: Language Usage
B59: Science

Sheet Kindergarten (Semester)
C1: Student Information | I1: School Information
B2: Grade Scale | C2: Full Name | F2: ='Getting Started'!$G$10 | I2: Name | K2: ='Getting Started'!$I$10
B3: 0-4 | C3: Date of Birth | F3: ='Getting Started'!$G$11 | I3: Phone Number | K3: ='Getting Started'!$I$11
C4: Parent/Guardian | F4: ='Getting Started'!$G$12 | I4: Address | K4: ='Getting Started'!$I$12
C5: Expected Graduation | F5: ='Getting Started'!$G$14 | I5: Email Address | K5: ='Getting Started'!$I$14
B6: Classes (Semester 1)
B7: Course Title | K7: Credits | L7: Met Requirements | M7: Grade | O7: Weight
L9: FALSE
L10: FALSE
L11: FALSE
L12: FALSE
L13: FALSE
L14: FALSE
L15: FALSE
L16: FALSE
L17: FALSE
L18: FALSE
L19: FALSE
L20: FALSE
... L25: FALSE
J26: Cumulative (Semester 1)
J27: Grade Point Average | M27: Total Credits
B28: Classes (Semester 2) | J28: {=GPA({K8:K25,M8:M25,O8:O25},1,2)} -> Loading... | M28: {=CREDITSSUM({K8:K25,M8:M25},1,2)} -> Loading...
B29: Course Title | K29: Credits | L29: Met Requirements | M29: Grade | O29: Weight
L31: FALSE
L32: FALSE
L33: FALSE
L34: FALSE
L35: FALSE
L36: FALSE
L37: FALSE
L38: FALSE
L39: FALSE
L40: FALSE
L41: FALSE
L42: FALSE
... L47: FALSE
J48: Cumulative (Semester 2)
J49: Grade Point Average | M49: Total Credits
B50: MAP Scores | J50: {=GPA({K30:K47,M30:M47,O30:O47},1,2)} -> Loading... | M50: {=CREDITSSUM({K30:K47,M30:M47},1,2)} -> Loading...
B51: Subject | C51: RIT Score | F51: Percentile
C52: Spring | D52: Fall | E52: Winter | F52: Spring | G52: Fall | H52: Winter
B53: Math | J53: Cumulative
B54: Reading | J54: Grade Point Average | M54: Total Credits
J55: {=GPA({K8:K25,M8:M25,O8:O25;K30:K47,M30:M47,O30:O47},1,2)} -> Loading... | M55: {=CREDITSSUM({K8:K25,M8:M25;K30:K47,M30:M47},1,2)} -> Loading...

Sheet 1st Grade (Semester)
C1: Student Information | I1: School Information
B2: Grade Scale | C2: Full Name | F2: ='Getting Started'!$G$10 | I2: Name | K2: ='Getting Started'!$I$10
B3: 0-4 | C3: Date of Birth | F3: ='Getting Started'!$G$11 | I3: Phone Number | K3: ='Getting Started'!$I$11
C4: Parent/Guardian | F4: ='Getting Started'!$G$12 | I4: Address | K4: ='Getting Started'!$I$12
C5: Expected Graduation | F5: ='Getting Started'!$G$14 | I5: Email Address | K5: ='Getting Started'!$I$14
B6: Classes (Semester 1)
B7: Course Title | K7: Credits | L7: Met Requirements | M7: Grade | O7: Weight
L9: FALSE
L10: FALSE
L11: FALSE
L12: FALSE
L13: FALSE
L14: FALSE
L15: FALSE
L16: FALSE
L17: FALSE
L18: FALSE
L19: FALSE
L20: FALSE
... L25: FALSE
J26: Cumulative (Semester 1)
J27: Grade Point Average | M27: Total Credits
B28: Classes (Semester 2) | J28: {=GPA({K8:K25,M8:M25,O8:O25},1,2)} -> Loading... | M28: {=CREDITSSUM({K8:K25,M8:M25},1,2)} -> Loading...
B29: Course Title | K29: Credits | L29: Met Requirements | M29: Grade | O29: Weight
L31: FALSE
L32: FALSE
L33: FALSE
L34: FALSE
L35: FALSE
L36: FALSE
L37: FALSE
L38: FALSE
L39: FALSE
L40: FALSE
L41: FALSE
L42: FALSE
... L47: FALSE
J48: Cumulative (Semester 2)
J49: Grade Point Average | M49: Total Credits
B50: MAP Scores | J50: {=GPA({K30:K47,M30:M47,O30:O47},1,2)} -> Loading... | M50: {=CREDITSSUM({K30:K47,M30:M47},1,2)} -> Loading...
B51: Subject | C51: RIT Score | F51: Percentile
C52: Spring | D52: Fall | E52: Winter | F52: Spring | G52: Fall | H52: Winter
B53: Math | J53: Cumulative
B54: Reading | J54: Grade Point Average | M54: Total Credits
J55: {=GPA({K8:K25,M8:M25,O8:O25;K30:K47,M30:M47,O30:O47},1,2)} -> Loading... | M55: {=CREDITSSUM({K8:K25,M8:M25;K30:K47,M30:M47},1,2)} -> Loading...

Sheet 2nd Grade (Semester)
C1: Student Information | I1: School Information
B2: Grade Scale | C2: Full Name | F2: ='Getting Started'!$G$10 | I2: Name | K2: ='Getting Started'!$I$10
B3: 0-4 | C3: Date of Birth | F3: ='Getting Started'!$G$11 | I3: Phone Number | K3: ='Getting Started'!$I$11
C4: Parent/Guardian | F4: ='Getting Started'!$G$12 | I4: Address | K4: ='Getting Started'!$I$12
C5: Expected Graduation | F5: ='Getting Started'!$G$14 | I5: Email Address | K5: ='Getting Started'!$I$14
B6: Classes (Semester 1)
B7: Course Title | K7: Credits | L7: Met Requirements | M7: Grade | O7: Weight
L9: FALSE
L10: FALSE
L11: FALSE
L12: FALSE
L13: FALSE
L14: FALSE
L15: FALSE
L16: FALSE
L17: FALSE
L18: FALSE
L19: FALSE
L20: FALSE
... L25: FALSE
J26: Cumulative (Semester 1)
J27: Grade Point Average | M27: Total Credits
B28: Classes (Semester 2) | J28: {=GPA({K8:K25,M8:M25,O8:O25},1,2)} -> Loading... | M28: {=CREDITSSUM({K8:K25,M8:M25},1,2)} -> Loading...
B29: Course Title | K29: Credits | L29: Met Requirements | M29: Grade | O29: Weight
L31: FALSE
L32: FALSE
L33: FALSE
L34: FALSE
L35: FALSE
L36: FALSE
L37: FALSE
L38: FALSE
L39: FALSE
L40: FALSE
L41: FALSE
L42: FALSE
... L47: FALSE
J48: Cumulative (Semester 2)
J49: Grade Point Average | M49: Total Credits
B50: MAP Scores | J50: {=GPA({K30:K47,M30:M47,O30:O47},1,2)} -> Loading... | M50: {=CREDITSSUM({K30:K47,M30:M47},1,2)} -> Loading...
B51: Subject | C51: RIT Score | F51: Percentile
C52: Spring | D52: Fall | E52: Winter | F52: Spring | G52: Fall | H52: Winter
B53: Math | J53: Cumulative
B54: Reading | J54: Grade Point Average | M54: Total Credits
J55: {=GPA({K8:K25,M8:M25,O8:O25;K30:K47,M30:M47,O30:O47},1,2)} -> Loading... | M55: {=CREDITSSUM({K8:K25,M8:M25;K30:K47,M30:M47},1,2)} -> Loading...

Sheet 3rd Grade (Semester)
C1: Student Information | I1: School Information
B2: Grade Scale | C2: Full Name | F2: ='Getting Started'!$G$10 | I2: Name | K2: ='Getting Started'!$I$10
B3: 0-4 | C3: Date of Birth | F3: ='Getting Started'!$G$11 | I3: Phone Number | K3: ='Getting Started'!$I$11
C4: Parent/Guardian | F4: ='Getting Started'!$G$12 | I4: Address | K4: ='Getting Started'!$I$12
C5: Expected Graduation | F5: ='Getting Started'!$G$14 | I5: Email Address | K5: ='Getting Started'!$I$14
B6: Classes (Semester 1)
B7: Course Title | K7: Credits | L7: Met Requirements | M7: Grade | O7: Weight
L9: FALSE
L10: FALSE
L11: FALSE
L12: FALSE
L13: FALSE
L14: FALSE
L15: FALSE
L16: FALSE
L17: FALSE
L18: FALSE
L19: FALSE
L20: FALSE
... L25: FALSE
J26: Cumulative (Semester 1)
J27: Grade Point Average | M27: Total Credits
B28: Classes (Semester 2) | J28: {=GPA({K8:K25,M8:M25,O8:O25},1,2)} -> Loading... | M28: {=CREDITSSUM({K8:K25,M8:M25},1,2)} -> Loading...
B29: Course Title | K29: Credits | L29: Met Requirements | M29: Grade | O29: Weight
L31: FALSE
L32: FALSE
L33: FALSE
L34: FALSE
L35: FALSE
L36: FALSE
L37: FALSE
L38: FALSE
L39: FALSE
L40: FALSE
L41: FALSE
L42: FALSE
... L47: FALSE
J48: Cumulative (Semester 2)
J49: Grade Point Average | M49: Total Credits
B50: MAP Scores | J50: {=GPA({K30:K47,M30:M47,O30:O47},1,2)} -> Loading... | M50: {=CREDITSSUM({K30:K47,M30:M47},1,2)} -> Loading...
B51: Subject | C51: RIT Score | F51: Percentile
C52: Spring | D52: Fall | E52: Winter | F52: Spring | G52: Fall | H52: Winter
B53: Math | J53: Cumulative
B54: Reading | J54: Grade Point Average | M54: Total Credits
B55: Language Usage | J55: {=GPA({K8:K25,M8:M25,O8:O25;K30:K47,M30:M47,O30:O47},1,2)} -> Loading... | M55: {=CREDITSSUM({K8:K25,M8:M25;K30:K47,M30:M47},1,2)} -> Loading...
B56: Science

Sheet 4th Grade (Semester)
C1: Student Information | I1: School Information
B2: Grade Scale | C2: Full Name | F2: ='Getting Started'!$G$10 | I2: Name | K2: ='Getting Started'!$I$10
B3: 0-4 | C3: Date of Birth | F3: ='Getting Started'!$G$11 | I3: Phone Number | K3: ='Getting Started'!$I$11
C4: Parent/Guardian | F4: ='Getting Started'!$G$12 | I4: Address | K4: ='Getting Started'!$I$12
C5: Expected Graduation | F5: ='Getting Started'!$G$14 | I5: Email Address | K5: ='Getting Started'!$I$14
B6: Classes (Semester 1)
B7: Course Title | K7: Credits | L7: Met Requirements | M7: Grade | O7: Weight
L9: FALSE
L10: FALSE
L11: FALSE
L12: FALSE
L13: FALSE
L14: FALSE
L15: FALSE
L16: FALSE
L17: FALSE
L18: FALSE
L19: FALSE
L20: FALSE
... L25: FALSE
J26: Cumulative (Semester 1)
J27: Grade Point Average | M27: Total Credits
B28: Classes (Semester 2) | J28: {=GPA({K8:K25,M8:M25,O8:O25},1,2)} -> Loading... | M28: {=CREDITSSUM({K8:K25,M8:M25},1,2)} -> Loading...
B29: Course Title | K29: Credits | L29: Met Requirements | M29: Grade | O29: Weight
L31: FALSE
L32: FALSE
L33: FALSE
L34: FALSE
L35: FALSE
L36: FALSE
L37: FALSE
L38: FALSE
L39: FALSE
L40: FALSE
L41: FALSE
L42: FALSE
... L47: FALSE
J48: Cumulative (Semester 2)
J49: Grade Point Average | M49: Total Credits
B50: MAP Scores | J50: {=GPA({K30:K47,M30:M47,O30:O47},1,2)} -> Loading... | M50: {=CREDITSSUM({K30:K47,M30:M47},1,2)} -> Loading...
B51: Subject | C51: RIT Score | F51: Percentile
C52: Spring | D52: Fall | E52: Winter | F52: Spring | G52: Fall | H52: Winter
B53: Math | J53: Cumulative
B54: Reading | J54: Grade Point Average | M54: Total Credits
B55: Language Usage | J55: {=GPA({K8:K25,M8:M25,O8:O25;K30:K47,M30:M47,O30:O47},1,2)} -> Loading... | M55: {=CREDITSSUM({K8:K25,M8:M25;K30:K47,M30:M47},1,2)} -> Loading...
B56: Science

Sheet 5th Grade (Semester)
C1: Student Information | I1: School Information
B2: Grade Scale | C2: Full Name | F2: ='Getting Started'!$G$10 | I2: Name | K2: ='Getting Started'!$I$10
B3: 0-4 | C3: Date of Birth | F3: ='Getting Started'!$G$11 | I3: Phone Number | K3: ='Getting Started'!$I$11
C4: Parent/Guardian | F4: ='Getting Started'!$G$12 | I4: Address | K4: ='Getting Started'!$I$12
C5: Expected Graduation | F5: ='Getting Started'!$G$14 | I5: Email Address | K5: ='Getting Started'!$I$14
B6: Classes (Semester 1)
B7: Course Title | K7: Credits | L7: Met Requirements | M7: Grade | O7: Weight
L9: FALSE
L10: FALSE
L11: FALSE
L12: FALSE
L13: FALSE
L14: FALSE
L15: FALSE
L16: FALSE
L17: FALSE
L18: FALSE
L19: FALSE
L20: FALSE
... L25: FALSE
J26: Cumulative (Semester 1)
J27: Grade Point Average | M27: Total Credits
B28: Classes (Semester 2) | J28: {=GPA({K8:K25,M8:M25,O8:O25},1,2)} -> Loading... | M28: {=CREDITSSUM({K8:K25,M8:M25},1,2)} -> Loading...
B29: Course Title | K29: Credits | L29: Met Requirements | M29: Grade | O29: Weight
L31: FALSE
L32: FALSE
L33: FALSE
L34: FALSE
L35: FALSE
L36: FALSE
L37: FALSE
L38: FALSE
L39: FALSE
L40: FALSE
L41: FALSE
L42: FALSE
... L47: FALSE
J48: Cumulative (Semester 2)
J49: Grade Point Average | M49: Total Credits
B50: MAP Scores | J50: {=GPA({K30:K47,M30:M47,O30:O47},1,2)} -> Loading... | M50: {=CREDITSSUM({K30:K47,M30:M47},1,2)} -> Loading...
B51: Subject | C51: RIT Score | F51: Percentile
C52: Spring | D52: Fall | E52: Winter | F52: Spring | G52: Fall | H52: Winter
B53: Math | J53: Cumulative
B54: Reading | J54: Grade Point Average | M54: Total Credits
B55: Language Usage | J55: {=GPA({K8:K25,M8:M25,O8:O25;K30:K47,M30:M47,O30:O47},1,2)} -> Loading... | M55: {=CREDITSSUM({K8:K25,M8:M25;K30:K47,M30:M47},1,2)} -> Loading...
B56: Science

Sheet 6th Grade (Semester)
C1: Student Information | I1: School Information
B2: Grade Scale | C2: Full Name | F2: ='Getting Started'!$G$10 | I2: Name | K2: ='Getting Started'!$I$10
B3: 0-4 | C3: Date of Birth | F3: ='Getting Started'!$G$11 | I3: Phone Number | K3: ='Getting Started'!$I$11
C4: Parent/Guardian | F4: ='Getting Started'!$G$12 | I4: Address | K4: ='Getting Started'!$I$12
C5: Expected Graduation | F5: ='Getting Started'!$G$14 | I5: Email Address | K5: ='Getting Started'!$I$14
B6: Classes (Semester 1)
B7: Course Title | K7: Credits | L7: Met Requirements | M7: Grade | O7: Weight
L9: FALSE
L10: FALSE
L11: FALSE
L12: FALSE
L13: FALSE
L14: FALSE
L15: FALSE
L16: FALSE
L17: FALSE
L18: FALSE
L19: FALSE
L20: FALSE
... L25: FALSE
J26: Cumulative (Semester 1)
J27: Grade Point Average | M27: Total Credits
B28: Classes (Semester 2) | J28: {=GPA({K8:K25,M8:M25,O8:O25},1,2)} -> Loading... | M28: {=CREDITSSUM({K8:K25,M8:M25},1,2)} -> Loading...
B29: Course Title | K29: Credits | L29: Met Requirements | M29: Grade | O29: Weight
L31: FALSE
L32: FALSE
L33: FALSE
L34: FALSE
L35: FALSE
L36: FALSE
L37: FALSE
L38: FALSE
L39: FALSE
L40: FALSE
L41: FALSE
L42: FALSE
... L47: FALSE
J48: Cumulative (Semester 2)
J49: Grade Point Average | M49: Total Credits
B50: MAP Scores | J50: {=GPA({K30:K47,M30:M47,O30:O47},1,2)} -> Loading... | M50: {=CREDITSSUM({K30:K47,M30:M47},1,2)} -> Loading...
B51: Subject | C51: RIT Score | F51: Percentile
C52: Spring | D52: Fall | E52: Winter | F52: Spring | G52: Fall | H52: Winter
B53: Math | J53: Cumulative
B54: Reading | J54: Grade Point Average | M54: Total Credits
B55: Language Usage | J55: {=GPA({K8:K25,M8:M25,O8:O25;K30:K47,M30:M47,O30:O47},1,2)} -> Loading... | M55: {=CREDITSSUM({K8:K25,M8:M25;K30:K47,M30:M47},1,2)} -> Loading...
B56: Science

Sheet 7th Grade (Semester)
C1: Student Information | I1: School Information
B2: Grade Scale | C2: Full Name | F2: ='Getting Started'!$G$10 | I2: Name | K2: ='Getting Started'!$I$10
B3: 0-4 | C3: Date of Birth | F3: ='Getting Started'!$G$11 | I3: Phone Number | K3: ='Getting Started'!$I$11
C4: Parent/Guardian | F4: ='Getting Started'!$G$12 | I4: Address | K4: ='Getting Started'!$I$12
C5: Expected Graduation | F5: ='Getting Started'!$G$14 | I5: Email Address | K5: ='Getting Started'!$I$14
B6: Classes (Semester 1)
B7: Course Title | K7: Credits | L7: Met Requirements | M7: Grade | O7: Weight
L9: FALSE
L10: FALSE
L11: FALSE
L12: FALSE
L13: FALSE
L14: FALSE
L15: FALSE
L16: FALSE
L17: FALSE
L18: FALSE
L19: FALSE
L20: FALSE
... L25: FALSE
J26: Cumulative (Semester 1)
J27: Grade Point Average | M27: Total Credits
B28: Classes (Semester 2) | J28: {=GPA({K8:K25,M8:M25,O8:O25},1,2)} -> Loading... | M28: {=CREDITSSUM({K8:K25,M8:M25},1,2)} -> Loading...
B29: Course Title | K29: Credits | L29: Met Requirements | M29: Grade | O29: Weight
L31: FALSE
L32: FALSE
L33: FALSE
L34: FALSE
L35: FALSE
L36: FALSE
L37: FALSE
L38: FALSE
L39: FALSE
L40: FALSE
L41: FALSE
L42: FALSE
... L47: FALSE
J48: Cumulative (Semester 2)
J49: Grade Point Average | M49: Total Credits
B50: MAP Scores | J50: {=GPA({K30:K47,M30:M47,O30:O47},1,2)} -> Loading... | M50: {=CREDITSSUM({K30:K47,M30:M47},1,2)} -> Loading...
B51: Subject | C51: RIT Score | F51: Percentile
C52: Spring | D52: Fall | E52: Winter | F52: Spring | G52: Fall | H52: Winter
B53: Math | J53: Cumulative
B54: Reading | J54: Grade Point Average | M54: Total Credits
B55: Language Usage | J55: {=GPA({K8:K25,M8:M25,O8:O25;K30:K47,M30:M47,O30:O47},1,2)} -> Loading... | M55: {=CREDITSSUM({K8:K25,M8:M25;K30:K47,M30:M47},1,2)} -> Loading...
B56: Science

Sheet 8th Grade (Semester)
C1: Student Information | I1: School Information
B2: Grade Scale | C2: Full Name | F2: ='Getting Started'!$G$10 | I2: Name | K2: ='Getting Started'!$I$10
B3: 0-4 | C3: Date of Birth | F3: ='Getting Started'!$G$11 | I3: Phone Number | K3: ='Getting Started'!$I$11
C4: Parent/Guardian | F4: ='Getting Started'!$G$12 | I4: Address | K4: ='Getting Started'!$I$12
C5: Expected Graduation | F5: ='Getting Started'!$G$14 | I5: Email Address | K5: ='Getting Started'!$I$14
B6: Classes (Semester 1)
B7: Course Title | K7: Credits | L7: Met Requirements | M7: Grade | O7: Weight
L9: FALSE
L10: FALSE
L11: FALSE
L12: FALSE
L13: FALSE
L14: FALSE
L15: FALSE
L16: FALSE
L17: FALSE
L18: FALSE
L19: FALSE
L20: FALSE
... L25: FALSE
J26: Cumulative (Semester 1)
J27: Grade Point Average | M27: Total Credits
B28: Classes (Semester 2) | J28: {=GPA({K8:K25,M8:M25,O8:O25},1,2)} -> Loading... | M28: {=CREDITSSUM({K8:K25,M8:M25},1,2)} -> Loading...
B29: Course Title | K29: Credits | L29: Met Requirements | M29: Grade | O29: Weight
L31: FALSE
L32: FALSE
L33: FALSE
L34: FALSE
L35: FALSE
L36: FALSE
L37: FALSE
L38: FALSE
L39: FALSE
L40: FALSE
L41: FALSE
L42: FALSE
... L47: FALSE
J48: Cumulative (Semester 2)
J49: Grade Point Average | M49: Total Credits
B50: MAP Scores | J50: {=GPA({K30:K47,M30:M47,O30:O47},1,2)} -> Loading... | M50: {=CREDITSSUM({K30:K47,M30:M47},1,2)} -> Loading...
B51: Subject | C51: RIT Score | F51: Percentile
C52: Spring | D52: Fall | E52: Winter | F52: Spring | G52: Fall | H52: Winter
B53: Math | J53: Cumulative
B54: Reading | J54: Grade Point Average | M54: Total Credits
B55: Language Usage | J55: {=GPA({K8:K25,M8:M25,O8:O25;K30:K47,M30:M47,O30:O47},1,2)} -> Loading... | M55: {=CREDITSSUM({K8:K25,M8:M25;K30:K47,M30:M47},1,2)} -> Loading...
B56: Science

Sheet 9th Grade (Semester)
C1: Student Information | I1: School Information
B2: Grade Scale
B3: 0-4 | C3: Full Name | F3: ='Getting Started'!$G$10 | I3: Name | K3: ='Getting Started'!$I$10
B4: Cumulative GPA | C4: Date of Birth | F4: ='Getting Started'!$G$11 | I4: Phone Number | K4: ='Getting Started'!$I$11
B5: =J57 -> Loading... | C5: Parent/Guardian | F5: ='Getting Started'!$G$12 | I5: Address | K5: ='Getting Started'!$I$12
B6: Total Credits
B7: =M57 -> Loading... | C7: Expected Graduation | F7: ='Getting Started'!$G$14 | I7: Email Address | K7: ='Getting Started'!$I$14
B8: Classes (Semester 1)
B9: Course Title | K9: Credits | L9: Met Requirements | M9: Grade | O9: Weight
L11: FALSE
L12: FALSE
L13: FALSE
L14: FALSE
L15: FALSE
L16: FALSE
L17: FALSE
L18: FALSE
L19: FALSE
L20: FALSE
L21: FALSE
L22: FALSE
... L27: FALSE
B28: Notes | J28: Cumulative (Semester 1)
J29: Grade Point Average | M29: Total Credits
B30: Classes (Semester 2) | J30: {=GPA({K10:K27,M10:M27,O10:O27},1,2)} -> Loading... | M30: {=CREDITSSUM({K10:K27,M10:M27},1,2)} -> Loading...
B31: Course Title | K31: Credits | L31: Met Requirements | M31: Grade | O31: Weight
L33: FALSE
L34: FALSE
L35: FALSE
L36: FALSE
L37: FALSE
L38: FALSE
L39: FALSE
L40: FALSE
L41: FALSE
L42: FALSE
L43: FALSE
L44: FALSE
... L49: FALSE
B50: Notes | J50: Cumulative (Semester 2)
J51: Grade Point Average | M51: Total Credits
B52: MAP Scores | J52: {=GPA({K32:K49,M32:M49,O32:O49},1,2)} -> Loading... | M52: {=CREDITSSUM({K32:K49,M32:M49},1,2)} -> Loading...
B53: Subject | C53: RIT Score | F53: Percentile
C54: Spring | D54: Fall | E54: Winter | F54: Spring | G54: Fall | H54: Winter
B55: Math | J55: Cumulative
B56: Reading | J56: Grade Point Average | M56: Total Credits
B57: Language Usage | J57: {=GPA({K10:K27,M10:M27,O10:O27;K32:K49,M32:M49,O32:O49},1,2)} -> Loading... | M57: {=CREDITSSUM({K10:K27,M10:M27;K32:K49,M32:M49},1,2)} -> Loading...
B58: Science

Sheet 10th Grade (Semester)
C1: Student Information | I1: School Information
B2: Grade Scale
B3: 0-4 | C3: Full Name | F3: ='Getting Started'!$G$10 | I3: Name | K3: ='Getting Started'!$I$10
B4: Cumulative GPA | C4: Date of Birth | F4: ='Getting Started'!$G$11 | I4: Phone Number | K4: ='Getting Started'!$I$11
B5: {=GPA({'9th Grade (Semester)'!K10:K27,'9th Grade (Semester)'!M10:M27,'9th Grade (Semester)'!O10:O27;'9th Grade (Semester)'!K32:K49,'9th Grade (Semester)'!M32:M49,'9th Grade (Semester)'!O32:O49;K10:K27,M10:M27,O10:O27;K32:K49,M32:M49,O32:O49},1,2)} -> Loading... | C5: Parent/Guardian | F5: ='Getting Started'!$G$12 | I5: Address | K5: ='Getting Started'!$I$12
B6: Total Credits
B7: =IF('9th Grade (Semester)'!B7+M57 = 0, "", '9th Grade (Semester)'!B7+M57) -> Loading... | C7: Expected Graduation | F7: ='Getting Started'!$G$14 | I7: Email Address | K7: ='Getting Started'!$I$14
B8: Classes (Semester 1)
B9: Course Title | K9: Credits | L9: Met Requirements | M9: Grade | O9: Weight
L11: FALSE
L12: FALSE
L13: FALSE
L14: FALSE
L15: FALSE
L16: FALSE
L17: FALSE
L18: FALSE
L19: FALSE
L20: FALSE
L21: FALSE
L22: FALSE
... L27: FALSE
B28: Notes | J28: Cumulative (Semester 1)
J29: Grade Point Average | M29: Total Credits
B30: Classes (Semester 2) | J30: {=GPA({K10:K27,M10:M27,O10:O27},1,2)} -> Loading... | M30: {=CREDITSSUM({K10:K27,M10:M27},1,2)} -> Loading...
B31: Course Title | K31: Credits | L31: Met Requirements | M31: Grade | O31: Weight
L33: FALSE
L34: FALSE
L35: FALSE
L36: FALSE
L37: FALSE
L38: FALSE
L39: FALSE
L40: FALSE
L41: FALSE
L42: FALSE
L43: FALSE
L44: FALSE
... L49: FALSE
B50: Notes | J50: Cumulative (Semester 2)
J51: Grade Point Average | M51: Total Credits
B52: MAP Scores | J52: {=GPA({K32:K49,M32:M49,O32:O49},1,2)} -> Loading... | M52: {=CREDITSSUM({K32:K49,M32:M49},1,2)} -> Loading...
B53: Subject | C53: RIT Score | F53: Percentile
C54: Spring | D54: Fall | E54: Winter | F54: Spring | G54: Fall | H54: Winter
B55: Math | J55: Cumulative
B56: Reading | J56: Grade Point Average | M56: Total Credits
B57: Language Usage | J57: {=GPA({K10:K27,M10:M27,O10:O27;K32:K49,M32:M49,O32:O49},1,2)} -> Loading... | M57: {=CREDITSSUM({K10:K27,M10:M27;K32:K49,M32:M49},1,2)} -> Loading...
B58: Science

Sheet 11th Grade (Semester)
C1: Student Information | I1: School Information
B2: Grade Scale
B3: 0-4 | C3: Full Name | F3: ='Getting Started'!$G$10 | I3: Name | K3: ='Getting Started'!$I$10
B4: Cumulative GPA | C4: Date of Birth | F4: ='Getting Started'!$G$11 | I4: Phone Number | K4: ='Getting Started'!$I$11
B5: {=GPA({'9th Grade (Semester)'!K10:K27,'9th Grade (Semester)'!M10:M27,'9th Grade (Semester)'!O10:O27;'9th Grade (Semester)'!K32:K49,'9th Grade (Semester)'!M32:M49,'9th Grade (Semester)'!O32:O49;'10th Grade (Semester)'!K10:K27,'10th Grade (Semester)'!M10:M27,'10th Grade (Semester)'!O10:O27;'10th Grade (Semester)'!K32:K49,'10th Grade (Semester)'!M32:M49,'10th Grade (Semester)'!O32:O49;K10:K27,M10:M27,O10:O27;K32:K49,M32:M49,O32:O49},1,2)} -> Loading... | C5: Parent/Guardian | F5: ='Getting Started'!$G$12 | I5: Address | K5: ='Getting Started'!$I$12
B6: Total Credits
B7: =IF('10th Grade (Semester)'!B7+M57 = 0, "", '10th Grade (Semester)'!B7+M57) -> Loading... | C7: Expected Graduation | F7: ='Getting Started'!$G$14 | I7: Email Address | K7: ='Getting Started'!$I$14
B8: Classes (Semester 1)
B9: Course Title | K9: Credits | L9: Met Requirements | M9: Grade | O9: Weight
L11: FALSE
L12: FALSE
L13: FALSE
L14: FALSE
L15: FALSE
L16: FALSE
L17: FALSE
L18: FALSE
L19: FALSE
L20: FALSE
L21: FALSE
L22: FALSE
... L27: FALSE
B28: Notes | J28: Cumulative (Semester 1)
J29: Grade Point Average | M29: Total Credits
B30: Classes (Semester 2) | J30: {=GPA({K10:K27,M10:M27,O10:O27},1,2)} -> Loading... | M30: {=CREDITSSUM({K10:K27,M10:M27},1,2)} -> Loading...
B31: Course Title | K31: Credits | L31: Met Requirements | M31: Grade | O31: Weight
L33: FALSE
L34: FALSE
L35: FALSE
L36: FALSE
L37: FALSE
L38: FALSE
L39: FALSE
L40: FALSE
L41: FALSE
L42: FALSE
L43: FALSE
L44: FALSE
... L49: FALSE
B50: Notes | J50: Cumulative (Semester 2)
J51: Grade Point Average | M51: Total Credits
B52: MAP Scores | J52: {=GPA({K32:K49,M32:M49,O32:O49},1,2)} -> Loading... | M52: {=CREDITSSUM({K32:K49,M32:M49},1,2)} -> Loading...
B53: Subject | C53: RIT Score | F53: Percentile
C54: Spring | D54: Fall | E54: Winter | F54: Spring | G54: Fall | H54: Winter
B55: Math | J55: Cumulative
B56: Reading | J56: Grade Point Average | M56: Total Credits
B57: Language Usage | J57: {=GPA({K10:K27,M10:M27,O10:O27;K32:K49,M32:M49,O32:O49},1,2)} -> Loading... | M57: {=CREDITSSUM({K10:K27,M10:M27;K32:K49,M32:M49},1,2)} -> Loading...
B58: Science

Sheet 12th Grade (Semester)
C1: Student Information | I1: School Information
B2: Grade Scale
B3: 0-4 | C3: Full Name | F3: ='Getting Started'!$G$10 | I3: Name | K3: ='Getting Started'!$I$10
B4: Cumulative GPA | C4: Date of Birth | F4: ='Getting Started'!$G$11 | I4: Phone Number | K4: ='Getting Started'!$I$11
B5: {=GPA({'9th Grade (Semester)'!K10:K27,'9th Grade (Semester)'!M10:M27,'9th Grade (Semester)'!O10:O27;'9th Grade (Semester)'!K32:K49,'9th Grade (Semester)'!M32:M49,'9th Grade (Semester)'!O32:O49;'10th Grade (Semester)'!K10:K27,'10th Grade (Semester)'!M10:M27,'10th Grade (Semester)'!O10:O27;'10th Grade (Semester)'!K32:K49,'10th Grade (Semester)'!M32:M49,'10th Grade (Semester)'!O32:O49;'11th Grade (Semester)'!K10:K27,'11th Grade (Semester)'!M10:M27,'11th Grade (Semester)'!O10:O27;'11th Grade (Semester)'!K32:K49,'11th Grade (Semester)'!M32:M49,'11th Grade (Semester)'!O32:O49;K10:K27,M10:M27,O10:O27;K32:K49,M32:M49,O32:O49},1,2)} -> Loading... | C5: Parent/Guardian | F5: ='Getting Started'!$G$12 | I5: Address | K5: ='Getting Started'!$I$12
B6: Total Credits
B7: =IF('11th Grade (Semester)'!B7+M57 = 0, "", '11th Grade (Semester)'!B7+M57) -> Loading... | C7: Expected Graduation | F7: ='Getting Started'!$G$14 | I7: Email Address | K7: ='Getting Started'!$I$14
B8: Classes (Semester 1)
B9: Course Title | K9: Credits | L9: Met Requirements | M9: Grade | O9: Weight
L11: FALSE
L12: FALSE
L13: FALSE
L14: FALSE
L15: FALSE
L16: FALSE
L17: FALSE
L18: FALSE
L19: FALSE
L20: FALSE
L21: FALSE
L22: FALSE
... L27: FALSE
B28: Notes | J28: Cumulative (Semester 1)
J29: Grade Point Average | M29: Total Credits
B30: Classes (Semester 2) | J30: {=GPA({K10:K27,M10:M27,O10:O27},1,2)} -> Loading... | M30: {=CREDITSSUM({K10:K27,M10:M27},1,2)} -> Loading...
B31: Course Title | K31: Credits | L31: Met Requirements | M31: Grade | O31: Weight
L33: FALSE
L34: FALSE
L35: FALSE
L36: FALSE
L37: FALSE
L38: FALSE
L39: FALSE
L40: FALSE
L41: FALSE
L42: FALSE
L43: FALSE
L44: FALSE
... L49: FALSE
B50: Notes | J50: Cumulative (Semester 2)
J51: Grade Point Average | M51: Total Credits
B52: MAP Scores | J52: {=GPA({K32:K49,M32:M49,O32:O49},1,2)} -> Loading... | M52: {=CREDITSSUM({K32:K49,M32:M49},1,2)} -> Loading...
B53: Subject | C53: RIT Score | F53: Percentile
C54: Spring | D54: Fall | E54: Winter | F54: Spring | G54: Fall | H54: Winter
B55: Math | J55: Cumulative
B56: Reading | J56: Grade Point Average | M56: Total Credits
B57: Language Usage | J57: {=GPA({K10:K27,M10:M27,O10:O27;K32:K49,M32:M49,O32:O49},1,2)} -> Loading... | M57: {=CREDITSSUM({K10:K27,M10:M27;K32:K49,M32:M49},1,2)} -> Loading...
B58: Science

Sheet Kindergarten (Trimester)
C1: Student Information | I1: School Information
B2: Grade Scale | C2: Full Name | F2: ='Getting Started'!$G$10 | I2: Name | K2: ='Getting Started'!$I$10
B3: 0-4 | C3: Date of Birth | F3: ='Getting Started'!$G$11 | I3: Phone Number | K3: ='Getting Started'!$I$11
C4: Parent/Guardian | F4: ='Getting Started'!$G$12 | I4: Address | K4: ='Getting Started'!$I$12
C5: Expected Graduation | F5: ='Getting Started'!$G$14 | I5: Email Address | K5: ='Getting Started'!$I$14
B6: Classes (Trimester 1)
B7: Course Title | K7: Credits | L7: Met Requirements | M7: Grade | O7: Weight
L9: FALSE
L10: FALSE
L11: FALSE
L12: FALSE
L13: FALSE
L14: FALSE
L15: FALSE
L16: FALSE
L17: FALSE
J18: Cumulative (Trimester 1)
J19: Grade Point Average | M19: Total Credits
B20: Classes (Trimester 2) | J20: {=GPA({K8:K17,M8:M17,O8:O17},1,2)} -> Loading... | M20: {=CREDITSSUM({K8:K17,M8:M17},1,2)} -> Loading...
B21: Course Title | K21: Credits | L21: Met Requirements | M21: Grade | O21: Weight
L23: FALSE
L24: FALSE
L25: FALSE
L26: FALSE
L27: FALSE
L28: FALSE
L29: FALSE
L30: FALSE
L31: FALSE
J32: Cumulative (Trimester 2)
J33: Grade Point Average | M33: Total Credits
B34: Classes (Trimester 3) | J34: {=GPA({K22:K31,M22:M31,O22:O31},1,2)} -> Loading... | M34: {=CREDITSSUM({K22:K31,M22:M31},1,2)} -> Loading...
B35: Course Title | K35: Credits | L35: Met Requirements | M35: Grade | O35: Weight
L37: FALSE
L38: FALSE
L39: FALSE
L40: FALSE
L41: FALSE
L42: FALSE
L43: FALSE
L44: FALSE
L45: FALSE
J46: Cumulative (Trimester 3)
J47: Grade Point Average | M47: Total Credits
B48: MAP Scores | J48: {=GPA({K36:K45,M36:M45,O36:O45},1,2)} -> Loading... | M48: {=CREDITSSUM({K36:K45,M36:M45},1,2)} -> Loading...
B49: Subject | C49: RIT Score | F49: Percentile
C50: Spring | D50: Fall | E50: Winter | F50: Spring | G50: Fall | H50: Winter | J50: Cumulative
B51: Math | J51: Grade Point Average | M51: Total Credits
B52: Reading | J52: {=GPA({K8:K17,M8:M17,O8:O17;K22:K31,M22:M31,O22:O31;K36:K45,M36:M45,O36:O45},1,2)} -> Loading... | M52: {=CREDITSSUM({K8:K17,M8:M17;K22:K31,M22:M31;K36:K45,M36:M45},1,2)} -> Loading...

Sheet 1st Grade (Trimester)
C1: Student Information | I1: School Information
B2: Grade Scale | C2: Full Name | F2: ='Getting Started'!$G$10 | I2: Name | K2: ='Getting Started'!$I$10
B3: 0-4 | C3: Date of Birth | F3: ='Getting Started'!$G$11 | I3: Phone Number | K3: ='Getting Started'!$I$11
C4: Parent/Guardian | F4: ='Getting Started'!$G$12 | I4: Address | K4: ='Getting Started'!$I$12
C5: Expected Graduation | F5: ='Getting Started'!$G$14 | I5: Email Address | K5: ='Getting Started'!$I$14
B6: Classes (Trimester 1)
B7: Course Title | K7: Credits | L7: Met Requirements | M7: Grade | O7: Weight
L9: FALSE
L10: FALSE
L11: FALSE
L12: FALSE
L13: FALSE
L14: FALSE
L15: FALSE
L16: FALSE
L17: FALSE
J18: Cumulative (Trimester 1)
J19: Grade Point Average | M19: Total Credits
B20: Classes (Trimester 2) | J20: {=GPA({K8:K17,M8:M17,O8:O17},1,2)} -> Loading... | M20: {=CREDITSSUM({K8:K17,M8:M17},1,2)} -> Loading...
B21: Course Title | K21: Credits | L21: Met Requirements | M21: Grade | O21: Weight
L23: FALSE
L24: FALSE
L25: FALSE
L26: FALSE
L27: FALSE
L28: FALSE
L29: FALSE
L30: FALSE
L31: FALSE
J32: Cumulative (Trimester 2)
J33: Grade Point Average | M33: Total Credits
B34: Classes (Trimester 3) | J34: {=GPA({K22:K31,M22:M31,O22:O31},1,2)} -> Loading... | M34: {=CREDITSSUM({K22:K31,M22:M31},1,2)} -> Loading...
B35: Course Title | K35: Credits | L35: Met Requirements | M35: Grade | O35: Weight
L37: FALSE
L38: FALSE
L39: FALSE
L40: FALSE
L41: FALSE
L42: FALSE
L43: FALSE
L44: FALSE
L45: FALSE
J46: Cumulative (Trimester 3)
J47: Grade Point Average | M47: Total Credits
B48: MAP Scores | J48: {=GPA({K36:K45,M36:M45,O36:O45},1,2)} -> Loading... | M48: {=CREDITSSUM({K36:K45,M36:M45},1,2)} -> Loading...
B49: Subject | C49: RIT Score | F49: Percentile
C50: Spring | D50: Fall | E50: Winter | F50: Spring | G50: Fall | H50: Winter | J50: Cumulative
B51: Math | J51: Grade Point Average | M51: Total Credits
B52: Reading | J52: {=GPA({K8:K17,M8:M17,O8:O17;K22:K31,M22:M31,O22:O31;K36:K45,M36:M45,O36:O45},1,2)} -> Loading... | M52: {=CREDITSSUM({K8:K17,M8:M17;K22:K31,M22:M31;K36:K45,M36:M45},1,2)} -> Loading...

Sheet 2nd Grade (Trimester)
C1: Student Information | I1: School Information
B2: Grade Scale | C2: Full Name | F2: ='Getting Started'!$G$10 | I2: Name | K2: ='Getting Started'!$I$10
B3: 0-4 | C3: Date of Birth | F3: ='Getting Started'!$G$11 | I3: Phone Number | K3: ='Getting Started'!$I$11
C4: Parent/Guardian | F4: ='Getting Started'!$G$12 | I4: Address | K4: ='Getting Started'!$I$12
C5: Expected Graduation | F5: ='Getting Started'!$G$14 | I5: Email Address | K5: ='Getting Started'!$I$14
B6: Classes (Trimester 1)
B7: Course Title | K7: Credits | L7: Met Requirements | M7: Grade | O7: Weight
L9: FALSE
L10: FALSE
L11: FALSE
L12: FALSE
L13: FALSE
L14: FALSE
L15: FALSE
L16: FALSE
L17: FALSE
J18: Cumulative (Trimester 1)
J19: Grade Point Average | M19: Total Credits
B20: Classes (Trimester 2) | J20: {=GPA({K8:K17,M8:M17,O8:O17},1,2)} -> Loading... | M20: {=CREDITSSUM({K8:K17,M8:M17},1,2)} -> Loading...
B21: Course Title | K21: Credits | L21: Met Requirements | M21: Grade | O21: Weight
L23: FALSE
L24: FALSE
L25: FALSE
L26: FALSE
L27: FALSE
L28: FALSE
L29: FALSE
L30: FALSE
L31: FALSE
J32: Cumulative (Trimester 2)
J33: Grade Point Average | M33: Total Credits
B34: Classes (Trimester 3) | J34: {=GPA({K22:K31,M22:M31,O22:O31},1,2)} -> Loading... | M34: {=CREDITSSUM({K22:K31,M22:M31},1,2)} -> Loading...
B35: Course Title | K35: Credits | L35: Met Requirements | M35: Grade | O35: Weight
L37: FALSE
L38: FALSE
L39: FALSE
L40: FALSE
L41: FALSE
L42: FALSE
L43: FALSE
L44: FALSE
L45: FALSE
J46: Cumulative (Trimester 3)
J47: Grade Point Average | M47: Total Credits
B48: MAP Scores | J48: {=GPA({K36:K45,M36:M45,O36:O45},1,2)} -> Loading... | M48: {=CREDITSSUM({K36:K45,M36:M45},1,2)} -> Loading...
B49: Subject | C49: RIT Score | F49: Percentile
C50: Spring | D50: Fall | E50: Winter | F50: Spring | G50: Fall | H50: Winter | J50: Cumulative
B51: Math | J51: Grade Point Average | M51: Total Credits
B52: Reading | J52: {=GPA({K8:K17,M8:M17,O8:O17;K22:K31,M22:M31,O22:O31;K36:K45,M36:M45,O36:O45},1,2)} -> Loading... | M52: {=CREDITSSUM({K8:K17,M8:M17;K22:K31,M22:M31;K36:K45,M36:M45},1,2)} -> Loading...

Sheet 3rd Grade (Trimester)
C1: Student Information | I1: School Information
B2: Grade Scale | C2: Full Name | F2: ='Getting Started'!$G$10 | I2: Name | K2: ='Getting Started'!$I$10
B3: 0-4 | C3: Date of Birth | F3: ='Getting Started'!$G$11 | I3: Phone Number | K3: ='Getting Started'!$I$11
C4: Parent/Guardian | F4: ='Getting Started'!$G$12 | I4: Address | K4: ='Getting Started'!$I$12
C5: Expected Graduation | F5: ='Getting Started'!$G$14 | I5: Email Address | K5: ='Getting Started'!$I$14
B6: Classes (Trimester 1)
B7: Course Title | K7: Credits | L7: Met Requirements | M7: Grade | O7: Weight
L9: FALSE
L10: FALSE
L11: FALSE
L12: FALSE
L13: FALSE
L14: FALSE
L15: FALSE
L16: FALSE
L17: FALSE
J18: Cumulative (Trimester 1)
J19: Grade Point Average | M19: Total Credits
B20: Classes (Trimester 2) | J20: {=GPA({K8:K17,M8:M17,O8:O17},1,2)} -> Loading... | M20: {=CREDITSSUM({K8:K17,M8:M17},1,2)} -> Loading...
B21: Course Title | K21: Credits | L21: Met Requirements | M21: Grade | O21: Weight
L23: FALSE
L24: FALSE
L25: FALSE
L26: FALSE
L27: FALSE
L28: FALSE
L29: FALSE
L30: FALSE
L31: FALSE
J32: Cumulative (Trimester 2)
J33: Grade Point Average | M33: Total Credits
B34: Classes (Trimester 3) | J34: {=GPA({K22:K31,M22:M31,O22:O31},1,2)} -> Loading... | M34: {=CREDITSSUM({K22:K31,M22:M31},1,2)} -> Loading...
B35: Course Title | K35: Credits | L35: Met Requirements | M35: Grade | O35: Weight
L37: FALSE
L38: FALSE
L39: FALSE
L40: FALSE
L41: FALSE
L42: FALSE
L43: FALSE
L44: FALSE
L45: FALSE
J46: Cumulative (Trimester 3)
J47: Grade Point Average | M47: Total Credits
B48: MAP Scores | J48: {=GPA({K36:K45,M36:M45,O36:O45},1,2)} -> Loading... | M48: {=CREDITSSUM({K36:K45,M36:M45},1,2)} -> Loading...
B49: Subject | C49: RIT Score | F49: Percentile
C50: Spring | D50: Fall | E50: Winter | F50: Spring | G50: Fall | H50: Winter | J50: Cumulative
B51: Math | J51: Grade Point Average | M51: Total Credits
B52: Reading | J52: {=GPA({K8:K17,M8:M17,O8:O17;K22:K31,M22:M31,O22:O31;K36:K45,M36:M45,O36:O45},1,2)} -> Loading... | M52: {=CREDITSSUM({K8:K17,M8:M17;K22:K31,M22:M31;K36:K45,M36:M45},1,2)} -> Loading...
B53: Language Usage
B54: Science

Sheet 4th Grade (Trimester)
C1: Student Information | I1: School Information
B2: Grade Scale | C2: Full Name | F2: ='Getting Started'!$G$10 | I2: Name | K2: ='Getting Started'!$I$10
B3: 0-4 | C3: Date of Birth | F3: ='Getting Started'!$G$11 | I3: Phone Number | K3: ='Getting Started'!$I$11
C4: Parent/Guardian | F4: ='Getting Started'!$G$12 | I4: Address | K4: ='Getting Started'!$I$12
C5: Expected Graduation | F5: ='Getting Started'!$G$14 | I5: Email Address | K5: ='Getting Started'!$I$14
B6: Classes (Trimester 1)
B7: Course Title | K7: Credits | L7: Met Requirements | M7: Grade | O7: Weight
L9: FALSE
L10: FALSE
L11: FALSE
L12: FALSE
L13: FALSE
L14: FALSE
L15: FALSE
L16: FALSE
L17: FALSE
J18: Cumulative (Trimester 1)
J19: Grade Point Average | M19: Total Credits
B20: Classes (Trimester 2) | J20: {=GPA({K8:K17,M8:M17,O8:O17},1,2)} -> Loading... | M20: {=CREDITSSUM({K8:K17,M8:M17},1,2)} -> Loading...
B21: Course Title | K21: Credits | L21: Met Requirements | M21: Grade | O21: Weight
L23: FALSE
L24: FALSE
L25: FALSE
L26: FALSE
L27: FALSE
L28: FALSE
L29: FALSE
L30: FALSE
L31: FALSE
J32: Cumulative (Trimester 2)
J33: Grade Point Average | M33: Total Credits
B34: Classes (Trimester 3) | J34: {=GPA({K22:K31,M22:M31,O22:O31},1,2)} -> Loading... | M34: {=CREDITSSUM({K22:K31,M22:M31},1,2)} -> Loading...
B35: Course Title | K35: Credits | L35: Met Requirements | M35: Grade | O35: Weight
L37: FALSE
L38: FALSE
L39: FALSE
L40: FALSE
L41: FALSE
L42: FALSE
L43: FALSE
L44: FALSE
L45: FALSE
J46: Cumulative (Trimester 3)
J47: Grade Point Average | M47: Total Credits
B48: MAP Scores | J48: {=GPA({K36:K45,M36:M45,O36:O45},1,2)} -> Loading... | M48: {=CREDITSSUM({K36:K45,M36:M45},1,2)} -> Loading...
B49: Subject | C49: RIT Score | F49: Percentile
C50: Spring | D50: Fall | E50: Winter | F50: Spring | G50: Fall | H50: Winter | J50: Cumulative
B51: Math | J51: Grade Point Average | M51: Total Credits
B52: Reading | J52: {=GPA({K8:K17,M8:M17,O8:O17;K22:K31,M22:M31,O22:O31;K36:K45,M36:M45,O36:O45},1,2)} -> Loading... | M52: {=CREDITSSUM({K8:K17,M8:M17;K22:K31,M22:M31;K36:K45,M36:M45},1,2)} -> Loading...
B53: Language Usage
B54: Science

Sheet 5th Grade (Trimester)
C1: Student Information | I1: School Information
B2: Grade Scale | C2: Full Name | F2: ='Getting Started'!$G$10 | I2: Name | K2: ='Getting Started'!$I$10
B3: 0-4 | C3: Date of Birth | F3: ='Getting Started'!$G$11 | I3: Phone Number | K3: ='Getting Started'!$I$11
C4: Parent/Guardian | F4: ='Getting Started'!$G$12 | I4: Address | K4: ='Getting Started'!$I$12
C5: Expected Graduation | F5: ='Getting Started'!$G$14 | I5: Email Address | K5: ='Getting Started'!$I$14
B6: Classes (Trimester 1)
B7: Course Title | K7: Credits | L7: Met Requirements | M7: Grade | O7: Weight
L9: FALSE
L10: FALSE
L11: FALSE
L12: FALSE
L13: FALSE
L14: FALSE
L15: FALSE
L16: FALSE
L17: FALSE
J18: Cumulative (Trimester 1)
J19: Grade Point Average | M19: Total Credits
B20: Classes (Trimester 2) | J20: {=GPA({K8:K17,M8:M17,O8:O17},1,2)} -> Loading... | M20: {=CREDITSSUM({K8:K17,M8:M17},1,2)} -> Loading...
B21: Course Title | K21: Credits | L21: Met Requirements | M21: Grade | O21: Weight
L23: FALSE
L24: FALSE
L25: FALSE
L26: FALSE
L27: FALSE
L28: FALSE
L29: FALSE
L30: FALSE
L31: FALSE
J32: Cumulative (Trimester 2)
J33: Grade Point Average | M33: Total Credits
B34: Classes (Trimester 3) | J34: {=GPA({K22:K31,M22:M31,O22:O31},1,2)} -> Loading... | M34: {=CREDITSSUM({K22:K31,M22:M31},1,2)} -> Loading...
B35: Course Title | K35: Credits | L35: Met Requirements | M35: Grade | O35: Weight
L37: FALSE
L38: FALSE
L39: FALSE
L40: FALSE
L41: FALSE
L42: FALSE
L43: FALSE
L44: FALSE
L45: FALSE
J46: Cumulative (Trimester 3)
J47: Grade Point Average | M47: Total Credits
B48: MAP Scores | J48: {=GPA({K36:K45,M36:M45,O36:O45},1,2)} -> Loading... | M48: {=CREDITSSUM({K36:K45,M36:M45},1,2)} -> Loading...
B49: Subject | C49: RIT Score | F49: Percentile
C50: Spring | D50: Fall | E50: Winter | F50: Spring | G50: Fall | H50: Winter | J50: Cumulative
B51: Math | J51: Grade Point Average | M51: Total Credits
B52: Reading | J52: {=GPA({K8:K17,M8:M17,O8:O17;K22:K31,M22:M31,O22:O31;K36:K45,M36:M45,O36:O45},1,2)} -> Loading... | M52: {=CREDITSSUM({K8:K17,M8:M17;K22:K31,M22:M31;K36:K45,M36:M45},1,2)} -> Loading...
B53: Language Usage
B54: Science

Sheet 6th Grade (Trimester)
C1: Student Information | I1: School Information
B2: Grade Scale | C2: Full Name | F2: ='Getting Started'!$G$10 | I2: Name | K2: ='Getting Started'!$I$10
B3: 0-4 | C3: Date of Birth | F3: ='Getting Started'!$G$11 | I3: Phone Number | K3: ='Getting Started'!$I$11
C4: Parent/Guardian | F4: ='Getting Started'!$G$12 | I4: Address | K4: ='Getting Started'!$I$12
C5: Expected Graduation | F5: ='Getting Started'!$G$14 | I5: Email Address | K5: ='Getting Started'!$I$14
B6: Classes (Trimester 1)
B7: Course Title | K7: Credits | L7: Met Requirements | M7: Grade | O7: Weight
L9: FALSE
L10: FALSE
L11: FALSE
L12: FALSE
L13: FALSE
L14: FALSE
L15: FALSE
L16: FALSE
L17: FALSE
J18: Cumulative (Trimester 1)
J19: Grade Point Average | M19: Total Credits
B20: Classes (Trimester 2) | J20: {=GPA({K8:K17,M8:M17,O8:O17},1,2)} -> Loading... | M20: {=CREDITSSUM({K8:K17,M8:M17},1,2)} -> Loading...
B21: Course Title | K21: Credits | L21: Met Requirements | M21: Grade | O21: Weight
L23: FALSE
L24: FALSE
L25: FALSE
L26: FALSE
L27: FALSE
L28: FALSE
L29: FALSE
L30: FALSE
L31: FALSE
J32: Cumulative (Trimester 2)
J33: Grade Point Average | M33: Total Credits
B34: Classes (Trimester 3) | J34: {=GPA({K22:K31,M22:M31,O22:O31},1,2)} -> Loading... | M34: {=CREDITSSUM({K22:K31,M22:M31},1,2)} -> Loading...
B35: Course Title | K35: Credits | L35: Met Requirements | M35: Grade | O35: Weight
L37: FALSE
L38: FALSE
L39: FALSE
L40: FALSE
L41: FALSE
L42: FALSE
L43: FALSE
L44: FALSE
L45: FALSE
J46: Cumulative (Trimester 3)
J47: Grade Point Average | M47: Total Credits
B48: MAP Scores | J48: {=GPA({K36:K45,M36:M45,O36:O45},1,2)} -> Loading... | M48: {=CREDITSSUM({K36:K45,M36:M45},1,2)} -> Loading...
B49: Subject | C49: RIT Score | F49: Percentile
C50: Spring | D50: Fall | E50: Winter | F50: Spring | G50: Fall | H50: Winter | J50: Cumulative
B51: Math | J51: Grade Point Average | M51: Total Credits
B52: Reading | J52: {=GPA({K8:K17,M8:M17,O8:O17;K22:K31,M22:M31,O22:O31;K36:K45,M36:M45,O36:O45},1,2)} -> Loading... | M52: {=CREDITSSUM({K8:K17,M8:M17;K22:K31,M22:M31;K36:K45,M36:M45},1,2)} -> Loading...
B53: Language Usage
B54: Science

Sheet 7th Grade (Trimester)
C1: Student Information | I1: School Information
B2: Grade Scale | C2: Full Name | F2: ='Getting Started'!$G$10 | I2: Name | K2: ='Getting Started'!$I$10
B3: 0-4 | C3: Date of Birth | F3: ='Getting Started'!$G$11 | I3: Phone Number | K3: ='Getting Started'!$I$11
C4: Parent/Guardian | F4: ='Getting Started'!$G$12 | I4: Address | K4: ='Getting Started'!$I$12
C5: Expected Graduation | F5: ='Getting Started'!$G$14 | I5: Email Address | K5: ='Getting Started'!$I$14
B6: Classes (Trimester 1)
B7: Course Title | K7: Credits | L7: Met Requirements | M7: Grade | O7: Weight
L9: FALSE
L10: FALSE
L11: FALSE
L12: FALSE
L13: FALSE
L14: FALSE
L15: FALSE
L16: FALSE
L17: FALSE
J18: Cumulative (Trimester 1)
J19: Grade Point Average | M19: Total Credits
B20: Classes (Trimester 2) | J20: {=GPA({K8:K17,M8:M17,O8:O17},1,2)} -> Loading... | M20: {=CREDITSSUM({K8:K17,M8:M17},1,2)} -> Loading...
B21: Course Title | K21: Credits | L21: Met Requirements | M21: Grade | O21: Weight
L23: FALSE
L24: FALSE
L25: FALSE
L26: FALSE
L27: FALSE
L28: FALSE
L29: FALSE
L30: FALSE
L31: FALSE
J32: Cumulative (Trimester 2)
J33: Grade Point Average | M33: Total Credits
B34: Classes (Trimester 3) | J34: {=GPA({K22:K31,M22:M31,O22:O31},1,2)} -> Loading... | M34: {=CREDITSSUM({K22:K31,M22:M31},1,2)} -> Loading...
B35: Course Title | K35: Credits | L35: Met Requirements | M35: Grade | O35: Weight
L37: FALSE
L38: FALSE
L39: FALSE
L40: FALSE
L41: FALSE
L42: FALSE
L43: FALSE
L44: FALSE
L45: FALSE
J46: Cumulative (Trimester 3)
J47: Grade Point Average | M47: Total Credits
B48: MAP Scores | J48: {=GPA({K36:K45,M36:M45,O36:O45},1,2)} -> Loading... | M48: {=CREDITSSUM({K36:K45,M36:M45},1,2)} -> Loading...
B49: Subject | C49: RIT Score | F49: Percentile
C50: Spring | D50: Fall | E50: Winter | F50: Spring | G50: Fall | H50: Winter | J50: Cumulative
B51: Math | J51: Grade Point Average | M51: Total Credits
B52: Reading | J52: {=GPA({K8:K17,M8:M17,O8:O17;K22:K31,M22:M31,O22:O31;K36:K45,M36:M45,O36:O45},1,2)} -> Loading... | M52: {=CREDITSSUM({K8:K17,M8:M17;K22:K31,M22:M31;K36:K45,M36:M45},1,2)} -> Loading...
B53: Language Usage
B54: Science

Sheet 8th Grade (Trimester)
C1: Student Information | I1: School Information
B2: Grade Scale | C2: Full Name | F2: ='Getting Started'!$G$10 | I2: Name | K2: ='Getting Started'!$I$10
B3: 0-4 | C3: Date of Birth | F3: ='Getting Started'!$G$11 | I3: Phone Number | K3: ='Getting Started'!$I$11
C4: Parent/Guardian | F4: ='Getting Started'!$G$12 | I4: Address | K4: ='Getting Started'!$I$12
C5: Expected Graduation | F5: ='Getting Started'!$G$14 | I5: Email Address | K5: ='Getting Started'!$I$14
B6: Classes (Trimester 1)
B7: Course Title | K7: Credits | L7: Met Requirements | M7: Grade | O7: Weight
L9: FALSE
L10: FALSE
L11: FALSE
L12: FALSE
L13: FALSE
L14: FALSE
L15: FALSE
L16: FALSE
L17: FALSE
J18: Cumulative (Trimester 1)
J19: Grade Point Average | M19: Total Credits
B20: Classes (Trimester 2) | J20: {=GPA({K8:K17,M8:M17,O8:O17},1,2)} -> Loading... | M20: {=CREDITSSUM({K8:K17,M8:M17},1,2)} -> Loading...
B21: Course Title | K21: Credits | L21: Met Requirements | M21: Grade | O21: Weight
L23: FALSE
L24: FALSE
L25: FALSE
L26: FALSE
L27: FALSE
L28: FALSE
L29: FALSE
L30: FALSE
L31: FALSE
J32: Cumulative (Trimester 2)
J33: Grade Point Average | M33: Total Credits
B34: Classes (Trimester 3) | J34: {=GPA({K22:K31,M22:M31,O22:O31},1,2)} -> Loading... | M34: {=CREDITSSUM({K22:K31,M22:M31},1,2)} -> Loading...
B35: Course Title | K35: Credits | L35: Met Requirements | M35: Grade | O35: Weight
L37: FALSE
L38: FALSE
L39: FALSE
L40: FALSE
L41: FALSE
L42: FALSE
L43: FALSE
L44: FALSE
L45: FALSE
J46: Cumulative (Trimester 3)
J47: Grade Point Average | M47: Total Credits
B48: MAP Scores | J48: {=GPA({K36:K45,M36:M45,O36:O45},1,2)} -> Loading... | M48: {=CREDITSSUM({K36:K45,M36:M45},1,2)} -> Loading...
B49: Subject | C49: RIT Score | F49: Percentile
C50: Spring | D50: Fall | E50: Winter | F50: Spring | G50: Fall | H50: Winter | J50: Cumulative
B51: Math | J51: Grade Point Average | M51: Total Credits
B52: Reading | J52: {=GPA({K8:K17,M8:M17,O8:O17;K22:K31,M22:M31,O22:O31;K36:K45,M36:M45,O36:O45},1,2)} -> Loading... | M52: {=CREDITSSUM({K8:K17,M8:M17;K22:K31,M22:M31;K36:K45,M36:M45},1,2)} -> Loading...
B53: Language Usage
B54: Science

Sheet 9th Grade (Trimester)
C1: Student Information | I1: School Information
B2: Grade Scale
B3: 0-4 | C3: Full Name | F3: ='Getting Started'!$G$10 | I3: Name | K3: ='Getting Started'!$I$10
B4: Cumulative GPA | C4: Date of Birth | F4: ='Getting Started'!$G$11 | I4: Phone Number | K4: ='Getting Started'!$I$11
B5: =J54 -> Loading... | C5: Parent/Guardian | F5: ='Getting Started'!$G$12 | I5: Address | K5: ='Getting Started'!$I$12
B6: Total Credits
B7: =M54 -> Loading... | C7: Expected Graduation | F7: ='Getting Started'!$G$14 | I7: Email Address | K7: ='Getting Started'!$I$14
B8: Classes (Trimester 1)
B9: Course Title | K9: Credits | L9: Met Requirements | M9: Grade | O9: Weight
L11: FALSE
L12: FALSE
L13: FALSE
L14: FALSE
L15: FALSE
L16: FALSE
L17: FALSE
L18: FALSE
L19: FALSE
B20: Notes | J20: Cumulative (Trimester 1)
J21: Grade Point Average | M21: Total Credits
B22: Classes (Trimester 2) | J22: {=GPA({K10:K19,M10:M19,O10:O19},1,2)} -> Loading... | M22: {=CREDITSSUM({K10:K19,M10:M19},1,2)} -> Loading...
B23: Course Title | K23: Credits | L23: Met Requirements | M23: Grade | O23: Weight
L25: FALSE
L26: FALSE
L27: FALSE
L28: FALSE
L29: FALSE
L30: FALSE
L31: FALSE
L32: FALSE
L33: FALSE
B34: Notes | J34: Cumulative (Trimester 2)
J35: Grade Point Average | M35: Total Credits
B36: Classes (Trimester 3) | J36: {=GPA({K24:K33,M24:M33,O24:O33},1,2)} -> Loading... | M36: {=CREDITSSUM({K24:K33,M24:M33},1,2)} -> Loading...
B37: Course Title | K37: Credits | L37: Met Requirements | M37: Grade | O37: Weight
L39: FALSE
L40: FALSE
L41: FALSE
L42: FALSE
L43: FALSE
L44: FALSE
L45: FALSE
L46: FALSE
L47: FALSE
B48: Notes | J48: Cumulative (Trimester 3)
J49: Grade Point Average | M49: Total Credits
B50: MAP Scores | J50: {=GPA({K38:K47,M38:M47,O38:O47},1,2)} -> Loading... | M50: {=CREDITSSUM({K38:K47,M38:M47},1,2)} -> Loading...
B51: Subject | C51: RIT Score | F51: Percentile
C52: Spring | D52: Fall | E52: Winter | F52: Spring | G52: Fall | H52: Winter | J52: Cumulative
B53: Math | J53: Grade Point Average | M53: Total Credits
B54: Reading | J54: {=GPA({K10:K19,M10:M19,O10:O19;K24:K33,M24:M33,O24:O33;K38:K47,M38:M47,O38:O47},1,2)} -> Loading... | M54: {=CREDITSSUM({K10:K19,M10:M19;K24:K33,M24:M33;K38:K47,M38:M47},1,2)} -> Loading...
B55: Language Usage
B56: Science

Sheet 10th Grade (Trimester)
C1: Student Information | I1: School Information
B2: Grade Scale
B3: 0-4 | C3: Full Name | F3: ='Getting Started'!$G$10 | I3: Name | K3: ='Getting Started'!$I$10
B4: Cumulative GPA | C4: Date of Birth | F4: ='Getting Started'!$G$11 | I4: Phone Number | K4: ='Getting Started'!$I$11
B5: {=GPA({'9th Grade (Trimester)'!K10:K19,'9th Grade (Trimester)'!M10:M19,'9th Grade (Trimester)'!O10:O19;'9th Grade (Trimester)'!K24:K33,'9th Grade (Trimester)'!M24:M33,'9th Grade (Trimester)'!O24:O33;'9th Grade (Trimester)'!K38:K47,'9th Grade (Trimester)'!M38:M47,'9th Grade (Trimester)'!O38:O47;K10:K19,M10:M19,O10:O19;K24:K33,M24:M33,O24:O33;K38:K47,M38:M47,O38:O47},1,2)} -> Loading... | C5: Parent/Guardian | F5: ='Getting Started'!$G$12 | I5: Address | K5: ='Getting Started'!$I$12
B6: Total Credits
B7: =IF('9th Grade (Trimester)'!B7+M54 = 0, "", '9th Grade (Trimester)'!B7+M54) -> Loading... | C7: Expected Graduation | F7: ='Getting Started'!$G$14 | I7: Email Address | K7: ='Getting Started'!$I$14
B8: Classes (Trimester 1)
B9: Course Title | K9: Credits | L9: Met Requirements | M9: Grade | O9: Weight
L11: FALSE
L12: FALSE
L13: FALSE
L14: FALSE
L15: FALSE
L16: FALSE
L17: FALSE
L18: FALSE
L19: FALSE
B20: Notes | J20: Cumulative (Trimester 1)
J21: Grade Point Average | M21: Total Credits
B22: Classes (Trimester 2) | J22: {=GPA({K10:K19,M10:M19,O10:O19},1,2)} -> Loading... | M22: {=CREDITSSUM({K10:K19,M10:M19},1,2)} -> Loading...
B23: Course Title | K23: Credits | L23: Met Requirements | M23: Grade | O23: Weight
L25: FALSE
L26: FALSE
L27: FALSE
L28: FALSE
L29: FALSE
L30: FALSE
L31: FALSE
L32: FALSE
L33: FALSE
B34: Notes | J34: Cumulative (Trimester 2)
J35: Grade Point Average | M35: Total Credits
B36: Classes (Trimester 3) | J36: {=GPA({K24:K33,M24:M33,O24:O33},1,2)} -> Loading... | M36: {=CREDITSSUM({K24:K33,M24:M33},1,2)} -> Loading...
B37: Course Title | K37: Credits | L37: Met Requirements | M37: Grade | O37: Weight
L39: FALSE
L40: FALSE
L41: FALSE
L42: FALSE
L43: FALSE
L44: FALSE
L45: FALSE
L46: FALSE
L47: FALSE
B48: Notes | J48: Cumulative (Trimester 3)
J49: Grade Point Average | M49: Total Credits
B50: MAP Scores | J50: {=GPA({K38:K47,M38:M47,O38:O47},1,2)} -> Loading... | M50: {=CREDITSSUM({K38:K47,M38:M47},1,2)} -> Loading...
B51: Subject | C51: RIT Score | F51: Percentile
C52: Spring | D52: Fall | E52: Winter | F52: Spring | G52: Fall | H52: Winter | J52: Cumulative
B53: Math | J53: Grade Point Average | M53: Total Credits
B54: Reading | J54: {=GPA({K10:K19,M10:M19,O10:O19;K24:K33,M24:M33,O24:O33;K38:K47,M38:M47,O38:O47},1,2)} -> Loading... | M54: {=CREDITSSUM({K10:K19,M10:M19;K24:K33,M24:M33;K38:K47,M38:M47},1,2)} -> Loading...
B55: Language Usage
B56: Science

Sheet 11th Grade (Trimester)
C1: Student Information | I1: School Information
B2: Grade Scale
B3: 0-4 | C3: Full Name | F3: ='Getting Started'!$G$10 | I3: Name | K3: ='Getting Started'!$I$10
B4: Cumulative GPA | C4: Date of Birth | F4: ='Getting Started'!$G$11 | I4: Phone Number | K4: ='Getting Started'!$I$11
B5: {=GPA({'9th Grade (Trimester)'!K10:K19,'9th Grade (Trimester)'!M10:M19,'9th Grade (Trimester)'!O10:O19;'9th Grade (Trimester)'!K24:K33,'9th Grade (Trimester)'!M24:M33,'9th Grade (Trimester)'!O24:O33;'9th Grade (Trimester)'!K38:K47,'9th Grade (Trimester)'!M38:M47,'9th Grade (Trimester)'!O38:O47;'10th Grade (Trimester)'!K10:K19,'10th Grade (Trimester)'!M10:M19,'10th Grade (Trimester)'!O10:O19;'10th Grade (Trimester)'!K24:K33,'10th Grade (Trimester)'!M24:M33,'10th Grade (Trimester)'!O24:O33;'10th Grade (Trimester)'!K38:K47,'10th Grade (Trimester)'!M38:M47,'10th Grade (Trimester)'!O38:O47;K10:K19,M10:M19,O10:O19;K24:K33,M24:M33,O24:O33;K38:K47,M38:M47,O38:O47},1,2)} -> Loading... | C5: Parent/Guardian | F5: ='Getting Started'!$G$12 | I5: Address | K5: ='Getting Started'!$I$12
B6: Total Credits
B7: =IF('10th Grade (Trimester)'!B7+M54 = 0, "", '10th Grade (Trimester)'!B7+M54) -> Loading... | C7: Expected Graduation | F7: ='Getting Started'!$G$14 | I7: Email Address | K7: ='Getting Started'!$I$14
B8: Classes (Trimester 1)
B9: Course Title | K9: Credits | L9: Met Requirements | M9: Grade | O9: Weight
L11: FALSE
L12: FALSE
L13: FALSE
L14: FALSE
L15: FALSE
L16: FALSE
L17: FALSE
L18: FALSE
L19: FALSE
B20: Notes | J20: Cumulative (Trimester 1)
J21: Grade Point Average | M21: Total Credits
B22: Classes (Trimester 2) | J22: {=GPA({K10:K19,M10:M19,O10:O19},1,2)} -> Loading... | M22: {=CREDITSSUM({K10:K19,M10:M19},1,2)} -> Loading...
B23: Course Title | K23: Credits | L23: Met Requirements | M23: Grade | O23: Weight
L25: FALSE
L26: FALSE
L27: FALSE
L28: FALSE
L29: FALSE
L30: FALSE
L31: FALSE
L32: FALSE
L33: FALSE
B34: Notes | J34: Cumulative (Trimester 2)
J35: Grade Point Average | M35: Total Credits
B36: Classes (Trimester 3) | J36: {=GPA({K24:K33,M24:M33,O24:O33},1,2)} -> Loading... | M36: {=CREDITSSUM({K24:K33,M24:M33},1,2)} -> Loading...
B37: Course Title | K37: Credits | L37: Met Requirements | M37: Grade | O37: Weight
L39: FALSE
L40: FALSE
L41: FALSE
L42: FALSE
L43: FALSE
L44: FALSE
L45: FALSE
L46: FALSE
L47: FALSE
B48: Notes | J48: Cumulative (Trimester 3)
J49: Grade Point Average | M49: Total Credits
B50: MAP Scores | J50: {=GPA({K38:K47,M38:M47,O38:O47},1,2)} -> Loading... | M50: {=CREDITSSUM({K38:K47,M38:M47},1,2)} -> Loading...
B51: Subject | C51: RIT Score | F51: Percentile
C52: Spring | D52: Fall | E52: Winter | F52: Spring | G52: Fall | H52: Winter | J52: Cumulative
B53: Math | J53: Grade Point Average | M53: Total Credits
B54: Reading | J54: {=GPA({K10:K19,M10:M19,O10:O19;K24:K33,M24:M33,O24:O33;K38:K47,M38:M47,O38:O47},1,2)} -> Loading... | M54: {=CREDITSSUM({K10:K19,M10:M19;K24:K33,M24:M33;K38:K47,M38:M47},1,2)} -> Loading...
B55: Language Usage
B56: Science

Sheet 12th Grade (Trimester)
C1: Student Information | I1: School Information
B2: Grade Scale
B3: 0-4 | C3: Full Name | F3: ='Getting Started'!$G$10 | I3: Name | K3: ='Getting Started'!$I$10
B4: Cumulative GPA | C4: Date of Birth | F4: ='Getting Started'!$G$11 | I4: Phone Number | K4: ='Getting Started'!$I$11
B5: {=GPA({'9th Grade (Trimester)'!K10:K19,'9th Grade (Trimester)'!M10:M19,'9th Grade (Trimester)'!O10:O19;'9th Grade (Trimester)'!K24:K33,'9th Grade (Trimester)'!M24:M33,'9th Grade (Trimester)'!O24:O33;'9th Grade (Trimester)'!K38:K47,'9th Grade (Trimester)'!M38:M47,'9th Grade (Trimester)'!O38:O47;'10th Grade (Trimester)'!K10:K19,'10th Grade (Trimester)'!M10:M19,'10th Grade (Trimester)'!O10:O19;'10th Grade (Trimester)'!K24:K33,'10th Grade (Trimester)'!M24:M33,'10th Grade (Trimester)'!O24:O33;'10th Grade (Trimester)'!K38:K47,'10th Grade (Trimester)'!M38:M47,'10th Grade (Trimester)'!O38:O47;'11th Grade (Trimester)'!K10:K19,'11th Grade (Trimester)'!M10:M19,'11th Grade (Trimester)'!O10:O19;'11th Grade (Trimester)'!K24:K33,'11th Grade (Trimester)'!M24:M33,'11th Grade (Trimester)'!O24:O33;'11th Grade (Trimester)'!K38:K47,'11th Grade (Trimester)'!M38:M47,'11th Grade (Trimester)'!O38:O47;K10:K19,M10:M19,O10:O19;K24:K33,M24:M33,O24:O33;K38:K47,M38:M47,O38:O47},1,2)} -> Loading... | C5: Parent/Guardian | F5: ='Getting Started'!$G$12 | I5: Address | K5: ='Getting Started'!$I$12
B6: Total Credits
B7: =IF('11th Grade (Trimester)'!B7+M54 = 0, "", '11th Grade (Trimester)'!B7+M54) -> Loading... | C7: Expected Graduation | F7: ='Getting Started'!$G$14 | I7: Email Address | K7: ='Getting Started'!$I$14
B8: Classes (Trimester 1)
B9: Course Title | K9: Credits | L9: Met Requirements | M9: Grade | O9: Weight
L11: FALSE
L12: FALSE
L13: FALSE
L14: FALSE
L15: FALSE
L16: FALSE
L17: FALSE
L18: FALSE
L19: FALSE
B20: Notes | J20: Cumulative (Trimester 1)
J21: Grade Point Average | M21: Total Credits
B22: Classes (Trimester 2) | J22: {=GPA({K10:K19,M10:M19,O10:O19},1,2)} -> Loading... | M22: {=CREDITSSUM({K10:K19,M10:M19},1,2)} -> Loading...
B23: Course Title | K23: Credits | L23: Met Requirements | M23: Grade | O23: Weight
L25: FALSE
L26: FALSE
L27: FALSE
L28: FALSE
L29: FALSE
L30: FALSE
L31: FALSE
L32: FALSE
L33: FALSE
B34: Notes | J34: Cumulative (Trimester 2)
J35: Grade Point Average | M35: Total Credits
B36: Classes (Trimester 3) | J36: {=GPA({K24:K33,M24:M33,O24:O33},1,2)} -> Loading... | M36: {=CREDITSSUM({K24:K33,M24:M33},1,2)} -> Loading...
B37: Course Title | K37: Credits | L37: Met Requirements | M37: Grade | O37: Weight
L39: FALSE
L40: FALSE
L41: FALSE
L42: FALSE
L43: FALSE
L44: FALSE
L45: FALSE
L46: FALSE
L47: FALSE
B48: Notes | J48: Cumulative (Trimester 3)
J49: Grade Point Average | M49: Total Credits
B50: MAP Scores | J50: {=GPA({K38:K47,M38:M47,O38:O47},1,2)} -> Loading... | M50: {=CREDITSSUM({K38:K47,M38:M47},1,2)} -> Loading...
B51: Subject | C51: RIT Score | F51: Percentile
C52: Spring | D52: Fall | E52: Winter | F52: Spring | G52: Fall | H52: Winter | J52: Cumulative
B53: Math | J53: Grade Point Average | M53: Total Credits
B54: Reading | J54: {=GPA({K10:K19,M10:M19,O10:O19;K24:K33,M24:M33,O24:O33;K38:K47,M38:M47,O38:O47},1,2)} -> Loading... | M54: {=CREDITSSUM({K10:K19,M10:M19;K24:K33,M24:M33;K38:K47,M38:M47},1,2)} -> Loading...
B55: Language Usage
B56: Science

Sheet Kindergarten (Quarter)
C1: Student Information | I1: School Information
B2: Grade Scale | C2: Full Name | F2: ='Getting Started'!$G$10 | I2: Name | K2: ='Getting Started'!$I$10
B3: 0-4 | C3: Date of Birth | F3: ='Getting Started'!$G$11 | I3: Phone Number | K3: ='Getting Started'!$I$11
C4: Parent/Guardian | F4: ='Getting Started'!$G$12 | I4: Address | K4: ='Getting Started'!$I$12
C5: Expected Graduation | F5: ='Getting Started'!$G$14 | I5: Email Address | K5: ='Getting Started'!$I$14
B6: Classes (Quarter 1)
B7: Course Title | K7: Credits | L7: Met Requirements | M7: Grade | O7: Weight
L9: FALSE
L10: FALSE
L11: FALSE
L12: FALSE
L13: FALSE
J14: Cumulative (Quarter 1)
J15: Grade Point Average | M15: Total Credits
B16: Classes (Quarter 2) | J16: {=GPA({K8:K13,M8:M13,O8:O13},1,2)} -> Loading... | M16: {=CREDITSSUM({K8:K13,M8:M13},1,2)} -> Loading...
B17: Course Title | K17: Credits | L17: Met Requirements | M17: Grade | O17: Weight
L19: FALSE
L20: FALSE
L21: FALSE
L22: FALSE
L23: FALSE
J24: Cumulative (Quarter 2)
J25: Grade Point Average | M25: Total Credits
B26: Classes (Quarter 3) | J26: {=GPA({K18:K23,M18:M23,O18:O23},1,2)} -> Loading... | M26: {=CREDITSSUM({K18:K23,M18:M23},1,2)} -> Loading...
B27: Course Title | K27: Credits | L27: Met Requirements | M27: Grade | O27: Weight
L29: FALSE
L30: FALSE
L31: FALSE
L32: FALSE
L33: FALSE
J34: Cumulative (Quarter 3)
J35: Grade Point Average | M35: Total Credits
B36: Classes (Quarter 3) | J36: {=GPA({K28:K33,M28:M33,O28:O33},1,2)} -> Loading... | M36: {=CREDITSSUM({K28:K33,M28:M33},1,2)} -> Loading...
B37: Course Title | K37: Credits | L37: Met Requirements | M37: Grade | O37: Weight
L39: FALSE
L40: FALSE
L41: FALSE
L42: FALSE
L43: FALSE
J44: Cumulative (Quarter 3)
B45: MAP Scores | J45: Grade Point Average | M45: Total Credits
B46: Subject | C46: RIT Score | F46: Percentile | J46: {=GPA({K38:K43,M38:M43,O38:O43},1,2)} -> Loading... | M46: {=CREDITSSUM({K38:K43,M38:M43},1,2)} -> Loading...
C47: Spring | D47: Fall | E47: Winter | F47: Spring | G47: Fall | H47: Winter
B48: Math | J48: Cumulative
B49: Reading | J49: Grade Point Average | M49: Total Credits
J50: {=GPA({K8:K13,M8:M13,O8:O13;K18:K23,M18:M23,O18:O23;K28:K33,M28:M33,O28:O33;K38:K43,M38:M43,O38:O43},1,2)} -> Loading... | M50: {=CREDITSSUM({K8:K13,M8:M13;K18:K23,M18:M23;K28:K33,M28:M33;K38:K43,M38:M43},1,2)} -> Loading...

Sheet 1st Grade (Quarter)
C1: Student Information | I1: School Information
B2: Grade Scale | C2: Full Name | F2: ='Getting Started'!$G$10 | I2: Name | K2: ='Getting Started'!$I$10
B3: 0-4 | C3: Date of Birth | F3: ='Getting Started'!$G$11 | I3: Phone Number | K3: ='Getting Started'!$I$11
C4: Parent/Guardian | F4: ='Getting Started'!$G$12 | I4: Address | K4: ='Getting Started'!$I$12
C5: Expected Graduation | F5: ='Getting Started'!$G$14 | I5: Email Address | K5: ='Getting Started'!$I$14
B6: Classes (Quarter 1)
B7: Course Title | K7: Credits | L7: Met Requirements | M7: Grade | O7: Weight
L9: FALSE
L10: FALSE
L11: FALSE
L12: FALSE
L13: FALSE
J14: Cumulative (Quarter 1)
J15: Grade Point Average | M15: Total Credits
B16: Classes (Quarter 2) | J16: {=GPA({K8:K13,M8:M13,O8:O13},1,2)} -> Loading... | M16: {=CREDITSSUM({K8:K13,M8:M13},1,2)} -> Loading...
B17: Course Title | K17: Credits | L17: Met Requirements | M17: Grade | O17: Weight
L19: FALSE
L20: FALSE
L21: FALSE
L22: FALSE
L23: FALSE
J24: Cumulative (Quarter 2)
J25: Grade Point Average | M25: Total Credits
B26: Classes (Quarter 3) | J26: {=GPA({K18:K23,M18:M23,O18:O23},1,2)} -> Loading... | M26: {=CREDITSSUM({K18:K23,M18:M23},1,2)} -> Loading...
B27: Course Title | K27: Credits | L27: Met Requirements | M27: Grade | O27: Weight
L29: FALSE
L30: FALSE
L31: FALSE
L32: FALSE
L33: FALSE
J34: Cumulative (Quarter 3)
J35: Grade Point Average | M35: Total Credits
B36: Classes (Quarter 3) | J36: {=GPA({K28:K33,M28:M33,O28:O33},1,2)} -> Loading... | M36: {=CREDITSSUM({K28:K33,M28:M33},1,2)} -> Loading...
B37: Course Title | K37: Credits | L37: Met Requirements | M37: Grade | O37: Weight
L39: FALSE
L40: FALSE
L41: FALSE
L42: FALSE
L43: FALSE
J44: Cumulative (Quarter 3)
B45: MAP Scores | J45: Grade Point Average | M45: Total Credits
B46: Subject | C46: RIT Score | F46: Percentile | J46: {=GPA({K38:K43,M38:M43,O38:O43},1,2)} -> Loading... | M46: {=CREDITSSUM({K38:K43,M38:M43},1,2)} -> Loading...
C47: Spring | D47: Fall | E47: Winter | F47: Spring | G47: Fall | H47: Winter
B48: Math | J48: Cumulative
B49: Reading | J49: Grade Point Average | M49: Total Credits
J50: {=GPA({K8:K13,M8:M13,O8:O13;K18:K23,M18:M23,O18:O23;K28:K33,M28:M33,O28:O33;K38:K43,M38:M43,O38:O43},1,2)} -> Loading... | M50: {=CREDITSSUM({K8:K13,M8:M13;K18:K23,M18:M23;K28:K33,M28:M33;K38:K43,M38:M43},1,2)} -> Loading...

Sheet 2nd Grade (Quarter)
C1: Student Information | I1: School Information
B2: Grade Scale | C2: Full Name | F2: ='Getting Started'!$G$10 | I2: Name | K2: ='Getting Started'!$I$10
B3: 0-4 | C3: Date of Birth | F3: ='Getting Started'!$G$11 | I3: Phone Number | K3: ='Getting Started'!$I$11
C4: Parent/Guardian | F4: ='Getting Started'!$G$12 | I4: Address | K4: ='Getting Started'!$I$12
C5: Expected Graduation | F5: ='Getting Started'!$G$14 | I5: Email Address | K5: ='Getting Started'!$I$14
B6: Classes (Quarter 1)
B7: Course Title | K7: Credits | L7: Met Requirements | M7: Grade | O7: Weight
L9: FALSE
L10: FALSE
L11: FALSE
L12: FALSE
L13: FALSE
J14: Cumulative (Quarter 1)
J15: Grade Point Average | M15: Total Credits
B16: Classes (Quarter 2) | J16: {=GPA({K8:K13,M8:M13,O8:O13},1,2)} -> Loading... | M16: {=CREDITSSUM({K8:K13,M8:M13},1,2)} -> Loading...
B17: Course Title | K17: Credits | L17: Met Requirements | M17: Grade | O17: Weight
L19: FALSE
L20: FALSE
L21: FALSE
L22: FALSE
L23: FALSE
J24: Cumulative (Quarter 2)
J25: Grade Point Average | M25: Total Credits
B26: Classes (Quarter 3) | J26: {=GPA({K18:K23,M18:M23,O18:O23},1,2)} -> Loading... | M26: {=CREDITSSUM({K18:K23,M18:M23},1,2)} -> Loading...
B27: Course Title | K27: Credits | L27: Met Requirements | M27: Grade | O27: Weight
L29: FALSE
L30: FALSE
L31: FALSE
L32: FALSE
L33: FALSE
J34: Cumulative (Quarter 3)
J35: Grade Point Average | M35: Total Credits
B36: Classes (Quarter 3) | J36: {=GPA({K28:K33,M28:M33,O28:O33},1,2)} -> Loading... | M36: {=CREDITSSUM({K28:K33,M28:M33},1,2)} -> Loading...
B37: Course Title | K37: Credits | L37: Met Requirements | M37: Grade | O37: Weight
L39: FALSE
L40: FALSE
L41: FALSE
L42: FALSE
L43: FALSE
J44: Cumulative (Quarter 3)
B45: MAP Scores | J45: Grade Point Average | M45: Total Credits
B46: Subject | C46: RIT Score | F46: Percentile | J46: {=GPA({K38:K43,M38:M43,O38:O43},1,2)} -> Loading... | M46: {=CREDITSSUM({K38:K43,M38:M43},1,2)} -> Loading...
C47: Spring | D47: Fall | E47: Winter | F47: Spring | G47: Fall | H47: Winter
B48: Math | J48: Cumulative
B49: Reading | J49: Grade Point Average | M49: Total Credits
J50: {=GPA({K8:K13,M8:M13,O8:O13;K18:K23,M18:M23,O18:O23;K28:K33,M28:M33,O28:O33;K38:K43,M38:M43,O38:O43},1,2)} -> Loading... | M50: {=CREDITSSUM({K8:K13,M8:M13;K18:K23,M18:M23;K28:K33,M28:M33;K38:K43,M38:M43},1,2)} -> Loading...

Sheet 3rd Grade (Quarter)
C1: Student Information | I1: School Information
B2: Grade Scale | C2: Full Name | F2: ='Getting Started'!$G$10 | I2: Name | K2: ='Getting Started'!$I$10
B3: 0-4 | C3: Date of Birth | F3: ='Getting Started'!$G$11 | I3: Phone Number | K3: ='Getting Started'!$I$11
C4: Parent/Guardian | F4: ='Getting Started'!$G$12 | I4: Address | K4: ='Getting Started'!$I$12
C5: Expected Graduation | F5: ='Getting Started'!$G$14 | I5: Email Address | K5: ='Getting Started'!$I$14
B6: Classes (Quarter 1)
B7: Course Title | K7: Credits | L7: Met Requirements | M7: Grade | O7: Weight
L9: FALSE
L10: FALSE
L11: FALSE
L12: FALSE
L13: FALSE
J14: Cumulative (Quarter 1)
J15: Grade Point Average | M15: Total Credits
B16: Classes (Quarter 2) | J16: {=GPA({K8:K13,M8:M13,O8:O13},1,2)} -> Loading... | M16: {=CREDITSSUM({K8:K13,M8:M13},1,2)} -> Loading...
B17: Course Title | K17: Credits | L17: Met Requirements | M17: Grade | O17: Weight
L19: FALSE
L20: FALSE
L21: FALSE
L22: FALSE
L23: FALSE
J24: Cumulative (Quarter 2)
J25: Grade Point Average | M25: Total Credits
B26: Classes (Quarter 3) | J26: {=GPA({K18:K23,M18:M23,O18:O23},1,2)} -> Loading... | M26: {=CREDITSSUM({K18:K23,M18:M23},1,2)} -> Loading...
B27: Course Title | K27: Credits | L27: Met Requirements | M27: Grade | O27: Weight
L29: FALSE
L30: FALSE
L31: FALSE
L32: FALSE
L33: FALSE
J34: Cumulative (Quarter 3)
J35: Grade Point Average | M35: Total Credits
B36: Classes (Quarter 3) | J36: {=GPA({K28:K33,M28:M33,O28:O33},1,2)} -> Loading... | M36: {=CREDITSSUM({K28:K33,M28:M33},1,2)} -> Loading...
B37: Course Title | K37: Credits | L37: Met Requirements | M37: Grade | O37: Weight
L39: FALSE
L40: FALSE
L41: FALSE
L42: FALSE
L43: FALSE
J44: Cumulative (Quarter 3)
B45: MAP Scores | J45: Grade Point Average | M45: Total Credits
B46: Subject | C46: RIT Score | F46: Percentile | J46: {=GPA({K38:K43,M38:M43,O38:O43},1,2)} -> Loading... | M46: {=CREDITSSUM({K38:K43,M38:M43},1,2)} -> Loading...
C47: Spring | D47: Fall | E47: Winter | F47: Spring | G47: Fall | H47: Winter
B48: Math | J48: Cumulative
B49: Reading | J49: Grade Point Average | M49: Total Credits
B50: Language Usage | J50: {=GPA({K8:K13,M8:M13,O8:O13;K18:K23,M18:M23,O18:O23;K28:K33,M28:M33,O28:O33;K38:K43,M38:M43,O38:O43},1,2)} -> Loading... | M50: {=CREDITSSUM({K8:K13,M8:M13;K18:K23,M18:M23;K28:K33,M28:M33;K38:K43,M38:M43},1,2)} -> Loading...
B51: Science

Sheet 4th Grade (Quarter)
C1: Student Information | I1: School Information
B2: Grade Scale | C2: Full Name | F2: ='Getting Started'!$G$10 | I2: Name | K2: ='Getting Started'!$I$10
B3: 0-4 | C3: Date of Birth | F3: ='Getting Started'!$G$11 | I3: Phone Number | K3: ='Getting Started'!$I$11
C4: Parent/Guardian | F4: ='Getting Started'!$G$12 | I4: Address | K4: ='Getting Started'!$I$12
C5: Expected Graduation | F5: ='Getting Started'!$G$14 | I5: Email Address | K5: ='Getting Started'!$I$14
B6: Classes (Quarter 1)
B7: Course Title | K7: Credits | L7: Met Requirements | M7: Grade | O7: Weight
L9: FALSE
L10: FALSE
L11: FALSE
L12: FALSE
L13: FALSE
J14: Cumulative (Quarter 1)
J15: Grade Point Average | M15: Total Credits
B16: Classes (Quarter 2) | J16: {=GPA({K8:K13,M8:M13,O8:O13},1,2)} -> Loading... | M16: {=CREDITSSUM({K8:K13,M8:M13},1,2)} -> Loading...
B17: Course Title | K17: Credits | L17: Met Requirements | M17: Grade | O17: Weight
L19: FALSE
L20: FALSE
L21: FALSE
L22: FALSE
L23: FALSE
J24: Cumulative (Quarter 2)
J25: Grade Point Average | M25: Total Credits
B26: Classes (Quarter 3) | J26: {=GPA({K18:K23,M18:M23,O18:O23},1,2)} -> Loading... | M26: {=CREDITSSUM({K18:K23,M18:M23},1,2)} -> Loading...
B27: Course Title | K27: Credits | L27: Met Requirements | M27: Grade | O27: Weight
L29: FALSE
L30: FALSE
L31: FALSE
L32: FALSE
L33: FALSE
J34: Cumulative (Quarter 3)
J35: Grade Point Average | M35: Total Credits
B36: Classes (Quarter 3) | J36: {=GPA({K28:K33,M28:M33,O28:O33},1,2)} -> Loading... | M36: {=CREDITSSUM({K28:K33,M28:M33},1,2)} -> Loading...
B37: Course Title | K37: Credits | L37: Met Requirements | M37: Grade | O37: Weight
L39: FALSE
L40: FALSE
L41: FALSE
L42: FALSE
L43: FALSE
J44: Cumulative (Quarter 3)
B45: MAP Scores | J45: Grade Point Average | M45: Total Credits
B46: Subject | C46: RIT Score | F46: Percentile | J46: {=GPA({K38:K43,M38:M43,O38:O43},1,2)} -> Loading... | M46: {=CREDITSSUM({K38:K43,M38:M43},1,2)} -> Loading...
C47: Spring | D47: Fall | E47: Winter | F47: Spring | G47: Fall | H47: Winter
B48: Math | J48: Cumulative
B49: Reading | J49: Grade Point Average | M49: Total Credits
B50: Language Usage | J50: {=GPA({K8:K13,M8:M13,O8:O13;K18:K23,M18:M23,O18:O23;K28:K33,M28:M33,O28:O33;K38:K43,M38:M43,O38:O43},1,2)} -> Loading... | M50: {=CREDITSSUM({K8:K13,M8:M13;K18:K23,M18:M23;K28:K33,M28:M33;K38:K43,M38:M43},1,2)} -> Loading...
B51: Science

Sheet 5th Grade (Quarter)
C1: Student Information | I1: School Information
B2: Grade Scale | C2: Full Name | F2: ='Getting Started'!$G$10 | I2: Name | K2: ='Getting Started'!$I$10
B3: 0-4 | C3: Date of Birth | F3: ='Getting Started'!$G$11 | I3: Phone Number | K3: ='Getting Started'!$I$11
C4: Parent/Guardian | F4: ='Getting Started'!$G$12 | I4: Address | K4: ='Getting Started'!$I$12
C5: Expected Graduation | F5: ='Getting Started'!$G$14 | I5: Email Address | K5: ='Getting Started'!$I$14
B6: Classes (Quarter 1)
B7: Course Title | K7: Credits | L7: Met Requirements | M7: Grade | O7: Weight
L9: FALSE
L10: FALSE
L11: FALSE
L12: FALSE
L13: FALSE
J14: Cumulative (Quarter 1)
J15: Grade Point Average | M15: Total Credits
B16: Classes (Quarter 2) | J16: {=GPA({K8:K13,M8:M13,O8:O13},1,2)} -> Loading... | M16: {=CREDITSSUM({K8:K13,M8:M13},1,2)} -> Loading...
B17: Course Title | K17: Credits | L17: Met Requirements | M17: Grade | O17: Weight
L19: FALSE
L20: FALSE
L21: FALSE
L22: FALSE
L23: FALSE
J24: Cumulative (Quarter 2)
J25: Grade Point Average | M25: Total Credits
B26: Classes (Quarter 3) | J26: {=GPA({K18:K23,M18:M23,O18:O23},1,2)} -> Loading... | M26: {=CREDITSSUM({K18:K23,M18:M23},1,2)} -> Loading...
B27: Course Title | K27: Credits | L27: Met Requirements | M27: Grade | O27: Weight
L29: FALSE
L30: FALSE
L31: FALSE
L32: FALSE
L33: FALSE
J34: Cumulative (Quarter 3)
J35: Grade Point Average | M35: Total Credits
B36: Classes (Quarter 3) | J36: {=GPA({K28:K33,M28:M33,O28:O33},1,2)} -> Loading... | M36: {=CREDITSSUM({K28:K33,M28:M33},1,2)} -> Loading...
B37: Course Title | K37: Credits | L37: Met Requirements | M37: Grade | O37: Weight
L39: FALSE
L40: FALSE
L41: FALSE
L42: FALSE
L43: FALSE
J44: Cumulative (Quarter 3)
B45: MAP Scores | J45: Grade Point Average | M45: Total Credits
B46: Subject | C46: RIT Score | F46: Percentile | J46: {=GPA({K38:K43,M38:M43,O38:O43},1,2)} -> Loading... | M46: {=CREDITSSUM({K38:K43,M38:M43},1,2)} -> Loading...
C47: Spring | D47: Fall | E47: Winter | F47: Spring | G47: Fall | H47: Winter
B48: Math | J48: Cumulative
B49: Reading | J49: Grade Point Average | M49: Total Credits
B50: Language Usage | J50: {=GPA({K8:K13,M8:M13,O8:O13;K18:K23,M18:M23,O18:O23;K28:K33,M28:M33,O28:O33;K38:K43,M38:M43,O38:O43},1,2)} -> Loading... | M50: {=CREDITSSUM({K8:K13,M8:M13;K18:K23,M18:M23;K28:K33,M28:M33;K38:K43,M38:M43},1,2)} -> Loading...
B51: Science

Sheet 6th Grade (Quarter)
C1: Student Information | I1: School Information
B2: Grade Scale | C2: Full Name | F2: ='Getting Started'!$G$10 | I2: Name | K2: ='Getting Started'!$I$10
B3: 0-4 | C3: Date of Birth | F3: ='Getting Started'!$G$11 | I3: Phone Number | K3: ='Getting Started'!$I$11
C4: Parent/Guardian | F4: ='Getting Started'!$G$12 | I4: Address | K4: ='Getting Started'!$I$12
C5: Expected Graduation | F5: ='Getting Started'!$G$14 | I5: Email Address | K5: ='Getting Started'!$I$14
B6: Classes (Quarter 1)
B7: Course Title | K7: Credits | L7: Met Requirements | M7: Grade | O7: Weight
L9: FALSE
L10: FALSE
L11: FALSE
L12: FALSE
L13: FALSE
J14: Cumulative (Quarter 1)
J15: Grade Point Average | M15: Total Credits
B16: Classes (Quarter 2) | J16: {=GPA({K8:K13,M8:M13,O8:O13},1,2)} -> Loading... | M16: {=CREDITSSUM({K8:K13,M8:M13},1,2)} -> Loading...
B17: Course Title | K17: Credits | L17: Met Requirements | M17: Grade | O17: Weight
L19: FALSE
L20: FALSE
L21: FALSE
L22: FALSE
L23: FALSE
J24: Cumulative (Quarter 2)
J25: Grade Point Average | M25: Total Credits
B26: Classes (Quarter 3) | J26: {=GPA({K18:K23,M18:M23,O18:O23},1,2)} -> Loading... | M26: {=CREDITSSUM({K18:K23,M18:M23},1,2)} -> Loading...
B27: Course Title | K27: Credits | L27: Met Requirements | M27: Grade | O27: Weight
L29: FALSE
L30: FALSE
L31: FALSE
L32: FALSE
L33: FALSE
J34: Cumulative (Quarter 3)
J35: Grade Point Average | M35: Total Credits
B36: Classes (Quarter 3) | J36: {=GPA({K28:K33,M28:M33,O28:O33},1,2)} -> Loading... | M36: {=CREDITSSUM({K28:K33,M28:M33},1,2)} -> Loading...
B37: Course Title | K37: Credits | L37: Met Requirements | M37: Grade | O37: Weight
L39: FALSE
L40: FALSE
L41: FALSE
L42: FALSE
L43: FALSE
J44: Cumulative (Quarter 3)
B45: MAP Scores | J45: Grade Point Average | M45: Total Credits
B46: Subject | C46: RIT Score | F46: Percentile | J46: {=GPA({K38:K43,M38:M43,O38:O43},1,2)} -> Loading... | M46: {=CREDITSSUM({K38:K43,M38:M43},1,2)} -> Loading...
C47: Spring | D47: Fall | E47: Winter | F47: Spring | G47: Fall | H47: Winter
B48: Math | J48: Cumulative
B49: Reading | J49: Grade Point Average | M49: Total Credits
B50: Language Usage | J50: {=GPA({K8:K13,M8:M13,O8:O13;K18:K23,M18:M23,O18:O23;K28:K33,M28:M33,O28:O33;K38:K43,M38:M43,O38:O43},1,2)} -> Loading... | M50: {=CREDITSSUM({K8:K13,M8:M13;K18:K23,M18:M23;K28:K33,M28:M33;K38:K43,M38:M43},1,2)} -> Loading...
B51: Science

Sheet 7th Grade (Quarter)
C1: Student Information | I1: School Information
B2: Grade Scale | C2: Full Name | F2: ='Getting Started'!$G$10 | I2: Name | K2: ='Getting Started'!$I$10
B3: 0-4 | C3: Date of Birth | F3: ='Getting Started'!$G$11 | I3: Phone Number | K3: ='Getting Started'!$I$11
C4: Parent/Guardian | F4: ='Getting Started'!$G$12 | I4: Address | K4: ='Getting Started'!$I$12
C5: Expected Graduation | F5: ='Getting Started'!$G$14 | I5: Email Address | K5: ='Getting Started'!$I$14
B6: Classes (Quarter 1)
B7: Course Title | K7: Credits | L7: Met Requirements | M7: Grade | O7: Weight
L9: FALSE
L10: FALSE
L11: FALSE
L12: FALSE
L13: FALSE
J14: Cumulative (Quarter 1)
J15: Grade Point Average | M15: Total Credits
B16: Classes (Quarter 2) | J16: {=GPA({K8:K13,M8:M13,O8:O13},1,2)} -> Loading... | M16: {=CREDITSSUM({K8:K13,M8:M13},1,2)} -> Loading...
B17: Course Title | K17: Credits | L17: Met Requirements | M17: Grade | O17: Weight
L19: FALSE
L20: FALSE
L21: FALSE
L22: FALSE
L23: FALSE
J24: Cumulative (Quarter 2)
J25: Grade Point Average | M25: Total Credits
B26: Classes (Quarter 3) | J26: {=GPA({K18:K23,M18:M23,O18:O23},1,2)} -> Loading... | M26: {=CREDITSSUM({K18:K23,M18:M23},1,2)} -> Loading...
B27: Course Title | K27: Credits | L27: Met Requirements | M27: Grade | O27: Weight
L29: FALSE
L30: FALSE
L31: FALSE
L32: FALSE
L33: FALSE
J34: Cumulative (Quarter 3)
J35: Grade Point Average | M35: Total Credits
B36: Classes (Quarter 3) | J36: {=GPA({K28:K33,M28:M33,O28:O33},1,2)} -> Loading... | M36: {=CREDITSSUM({K28:K33,M28:M33},1,2)} -> Loading...
B37: Course Title | K37: Credits | L37: Met Requirements | M37: Grade | O37: Weight
L39: FALSE
L40: FALSE
L41: FALSE
L42: FALSE
L43: FALSE
J44: Cumulative (Quarter 3)
B45: MAP Scores | J45: Grade Point Average | M45: Total Credits
B46: Subject | C46: RIT Score | F46: Percentile | J46: {=GPA({K38:K43,M38:M43,O38:O43},1,2)} -> Loading... | M46: {=CREDITSSUM({K38:K43,M38:M43},1,2)} -> Loading...
C47: Spring | D47: Fall | E47: Winter | F47: Spring | G47: Fall | H47: Winter
B48: Math | J48: Cumulative
B49: Reading | J49: Grade Point Average | M49: Total Credits
B50: Language Usage | J50: {=GPA({K8:K13,M8:M13,O8:O13;K18:K23,M18:M23,O18:O23;K28:K33,M28:M33,O28:O33;K38:K43,M38:M43,O38:O43},1,2)} -> Loading... | M50: {=CREDITSSUM({K8:K13,M8:M13;K18:K23,M18:M23;K28:K33,M28:M33;K38:K43,M38:M43},1,2)} -> Loading...
B51: Science

Sheet 8th Grade (Quarter)
C1: Student Information | I1: School Information
B2: Grade Scale | C2: Full Name | F2: ='Getting Started'!$G$10 | I2: Name | K2: ='Getting Started'!$I$10
B3: 0-4 | C3: Date of Birth | F3: ='Getting Started'!$G$11 | I3: Phone Number | K3: ='Getting Started'!$I$11
C4: Parent/Guardian | F4: ='Getting Started'!$G$12 | I4: Address | K4: ='Getting Started'!$I$12
C5: Expected Graduation | F5: ='Getting Started'!$G$14 | I5: Email Address | K5: ='Getting Started'!$I$14
B6: Classes (Quarter 1)
B7: Course Title | K7: Credits | L7: Met Requirements | M7: Grade | O7: Weight
L9: FALSE
L10: FALSE
L11: FALSE
L12: FALSE
L13: FALSE
J14: Cumulative (Quarter 1)
J15: Grade Point Average | M15: Total Credits
B16: Classes (Quarter 2) | J16: {=GPA({K8:K13,M8:M13,O8:O13},1,2)} -> Loading... | M16: {=CREDITSSUM({K8:K13,M8:M13},1,2)} -> Loading...
B17: Course Title | K17: Credits | L17: Met Requirements | M17: Grade | O17: Weight
L19: FALSE
L20: FALSE
L21: FALSE
L22: FALSE
L23: FALSE
J24: Cumulative (Quarter 2)
J25: Grade Point Average | M25: Total Credits
B26: Classes (Quarter 3) | J26: {=GPA({K18:K23,M18:M23,O18:O23},1,2)} -> Loading... | M26: {=CREDITSSUM({K18:K23,M18:M23},1,2)} -> Loading...
B27: Course Title | K27: Credits | L27: Met Requirements | M27: Grade | O27: Weight
L29: FALSE
L30: FALSE
L31: FALSE
L32: FALSE
L33: FALSE
J34: Cumulative (Quarter 3)
J35: Grade Point Average | M35: Total Credits
B36: Classes (Quarter 3) | J36: {=GPA({K28:K33,M28:M33,O28:O33},1,2)} -> Loading... | M36: {=CREDITSSUM({K28:K33,M28:M33},1,2)} -> Loading...
B37: Course Title | K37: Credits | L37: Met Requirements | M37: Grade | O37: Weight
L39: FALSE
L40: FALSE
L41: FALSE
L42: FALSE
L43: FALSE
J44: Cumulative (Quarter 3)
B45: MAP Scores | J45: Grade Point Average | M45: Total Credits
B46: Subject | C46: RIT Score | F46: Percentile | J46: {=GPA({K38:K43,M38:M43,O38:O43},1,2)} -> Loading... | M46: {=CREDITSSUM({K38:K43,M38:M43},1,2)} -> Loading...
C47: Spring | D47: Fall | E47: Winter | F47: Spring | G47: Fall | H47: Winter
B48: Math | J48: Cumulative
B49: Reading | J49: Grade Point Average | M49: Total Credits
B50: Language Usage | J50: {=GPA({K8:K13,M8:M13,O8:O13;K18:K23,M18:M23,O18:O23;K28:K33,M28:M33,O28:O33;K38:K43,M38:M43,O38:O43},1,2)} -> Loading... | M50: {=CREDITSSUM({K8:K13,M8:M13;K18:K23,M18:M23;K28:K33,M28:M33;K38:K43,M38:M43},1,2)} -> Loading...
B51: Science

Sheet 9th Grade (Quarter)
C1: Student Information | I1: School Information
B2: Grade Scale
B3: 0-4 | C3: Full Name | F3: ='Getting Started'!$G$10 | I3: Name | K3: ='Getting Started'!$I$10
B4: Cumulative GPA | C4: Date of Birth | F4: ='Getting Started'!$G$11 | I4: Phone Number | K4: ='Getting Started'!$I$11
B5: =J52 -> Loading... | C5: Parent/Guardian | F5: ='Getting Started'!$G$12 | I5: Address | K5: ='Getting Started'!$I$12
B6: Total Credits
B7: =M52 -> Loading... | C7: Expected Graduation | F7: ='Getting Started'!$G$14 | I7: Email Address | K7: ='Getting Started'!$I$14
B8: Classes (Quarter 1)
B9: Course Title | K9: Credits | L9: Met Requirements | M9: Grade | O9: Weight
L11: FALSE
L12: FALSE
L13: FALSE
L14: FALSE
L15: FALSE
B16: Notes | J16: Cumulative (Quarter 1)
J17: Grade Point Average | M17: Total Credits
B18: Classes (Quarter 2) | J18: {=GPA({K10:K15,M10:M15,O10:O15},1,2)} -> Loading... | M18: {=CREDITSSUM({K10:K15,M10:M15},1,2)} -> Loading...
B19: Course Title | K19: Credits | L19: Met Requirements | M19: Grade | O19: Weight
L21: FALSE
L22: FALSE
L23: FALSE
L24: FALSE
L25: FALSE
B26: Notes | J26: Cumulative (Quarter 2)
J27: Grade Point Average | M27: Total Credits
B28: Classes (Quarter 3) | J28: {=GPA({K20:K25,M20:M25,O20:O25},1,2)} -> Loading... | M28: {=CREDITSSUM({K20:K25,M20:M25},1,2)} -> Loading...
B29: Course Title | K29: Credits | L29: Met Requirements | M29: Grade | O29: Weight
L31: FALSE
L32: FALSE
L33: FALSE
L34: FALSE
L35: FALSE
B36: Notes | J36: Cumulative (Quarter 3)
J37: Grade Point Average | M37: Total Credits
B38: Classes (Quarter 4) | J38: {=GPA({K30:K35,M30:M35,O30:O35},1,2)} -> Loading... | M38: {=CREDITSSUM({K30:K35,M30:M35},1,2)} -> Loading...
B39: Course Title | K39: Credits | L39: Met Requirements | M39: Grade | O39: Weight
L41: FALSE
L42: FALSE
L43: FALSE
L44: FALSE
L45: FALSE
B46: Notes | J46: Cumulative (Quarter 4)
J47: Grade Point Average | M47: Total Credits
B48: MAP Scores | J48: {=GPA({K40:K45,M40:M45,O40:O45},1,2)} -> Loading... | M48: {=CREDITSSUM({K40:K45,M40:M45},1,2)} -> Loading...
B49: Subject | C49: RIT Score | F49: Percentile
C50: Spring | D50: Fall | E50: Winter | F50: Spring | G50: Fall | H50: Winter | J50: Cumulative
B51: Math | J51: Grade Point Average | M51: Total Credits
B52: Reading | J52: {=GPA({K10:K15,M10:M15,O10:O15;K20:K25,M20:M25,O20:O25;K30:K35,M30:M35,O30:O35;K40:K45,M40:M45,O40:O45},1,2)} -> Loading... | M52: {=CREDITSSUM({K10:K15,M10:M15;K20:K25,M20:M25;K30:K35,M30:M35;K40:K45,M40:M45},1,2)} -> Loading...
B53: Language Usage
B54: Science

Sheet 10th Grade (Quarter)
C1: Student Information | I1: School Information
B2: Grade Scale
B3: 0-4 | C3: Full Name | F3: ='Getting Started'!$G$10 | I3: Name | K3: ='Getting Started'!$I$10
B4: Cumulative GPA | C4: Date of Birth | F4: ='Getting Started'!$G$11 | I4: Phone Number | K4: ='Getting Started'!$I$11
B5: {=GPA({'9th Grade (Quarter)'!K10:K15,'9th Grade (Quarter)'!M10:M15,'9th Grade (Quarter)'!O10:O15;'9th Grade (Quarter)'!K20:K25,'9th Grade (Quarter)'!M20:M25,'9th Grade (Quarter)'!O20:O25;'9th Grade (Quarter)'!K30:K35,'9th Grade (Quarter)'!M30:M35,'9th Grade (Quarter)'!O30:O35;'9th Grade (Quarter)'!K40:K45,'9th Grade (Quarter)'!M40:M45,'9th Grade (Quarter)'!O40:O45;K10:K15,M10:M15,O10:O15;K20:K25,M20:M25,O20:O25;K30:K35,M30:M35,O30:O35;K40:K45,M40:M45,O40:O45},1,2)} -> Loading... | C5: Parent/Guardian | F5: ='Getting Started'!$G$12 | I5: Address | K5: ='Getting Started'!$I$12
B6: Total Credits
B7: =IF('9th Grade (Quarter)'!B7+M52 = 0, "", '9th Grade (Quarter)'!B7+M52) -> Loading... | C7: Expected Graduation | F7: ='Getting Started'!$G$14 | I7: Email Address | K7: ='Getting Started'!$I$14
B8: Classes (Quarter 1)
B9: Course Title | K9: Credits | L9: Met Requirements | M9: Grade | O9: Weight
L11: FALSE
L12: FALSE
L13: FALSE
L14: FALSE
L15: FALSE
B16: Notes | J16: Cumulative (Quarter 1)
J17: Grade Point Average | M17: Total Credits
B18: Classes (Quarter 2) | J18: {=GPA({K10:K15,M10:M15,O10:O15},1,2)} -> Loading... | M18: {=CREDITSSUM({K10:K15,M10:M15},1,2)} -> Loading...
B19: Course Title | K19: Credits | L19: Met Requirements | M19: Grade | O19: Weight
L21: FALSE
L22: FALSE
L23: FALSE
L24: FALSE
L25: FALSE
B26: Notes | J26: Cumulative (Quarter 2)
J27: Grade Point Average | M27: Total Credits
B28: Classes (Quarter 3) | J28: {=GPA({K20:K25,M20:M25,O20:O25},1,2)} -> Loading... | M28: {=CREDITSSUM({K20:K25,M20:M25},1,2)} -> Loading...
B29: Course Title | K29: Credits | L29: Met Requirements | M29: Grade | O29: Weight
L31: FALSE
L32: FALSE
L33: FALSE
L34: FALSE
L35: FALSE
B36: Notes | J36: Cumulative (Quarter 3)
J37: Grade Point Average | M37: Total Credits
B38: Classes (Quarter 4) | J38: {=GPA({K30:K35,M30:M35,O30:O35},1,2)} -> Loading... | M38: {=CREDITSSUM({K30:K35,M30:M35},1,2)} -> Loading...
B39: Course Title | K39: Credits | L39: Met Requirements | M39: Grade | O39: Weight
L41: FALSE
L42: FALSE
L43: FALSE
L44: FALSE
L45: FALSE
B46: Notes | J46: Cumulative (Quarter 4)
J47: Grade Point Average | M47: Total Credits
B48: MAP Scores | J48: {=GPA({K40:K45,M40:M45,O40:O45},1,2)} -> Loading... | M48: {=CREDITSSUM({K40:K45,M40:M45},1,2)} -> Loading...
B49: Subject | C49: RIT Score | F49: Percentile
C50: Spring | D50: Fall | E50: Winter | F50: Spring | G50: Fall | H50: Winter | J50: Cumulative
B51: Math | J51: Grade Point Average | M51: Total Credits
B52: Reading | J52: {=GPA({K10:K15,M10:M15,O10:O15;K20:K25,M20:M25,O20:O25;K30:K35,M30:M35,O30:O35;K40:K45,M40:M45,O40:O45},1,2)} -> Loading... | M52: {=CREDITSSUM({K10:K15,M10:M15;K20:K25,M20:M25;K30:K35,M30:M35;K40:K45,M40:M45},1,2)} -> Loading...
B53: Language Usage
B54: Science

Sheet 11th Grade (Quarter)
C1: Student Information | I1: School Information
B2: Grade Scale
B3: 0-4 | C3: Full Name | F3: ='Getting Started'!$G$10 | I3: Name | K3: ='Getting Started'!$I$10
B4: Cumulative GPA | C4: Date of Birth | F4: ='Getting Started'!$G$11 | I4: Phone Number | K4: ='Getting Started'!$I$11
B5: {=GPA({'9th Grade (Quarter)'!K10:K15,'9th Grade (Quarter)'!M10:M15,'9th Grade (Quarter)'!O10:O15;'9th Grade (Quarter)'!K20:K25,'9th Grade (Quarter)'!M20:M25,'9th Grade (Quarter)'!O20:O25;'9th Grade (Quarter)'!K30:K35,'9th Grade (Quarter)'!M30:M35,'9th Grade (Quarter)'!O30:O35;'9th Grade (Quarter)'!K40:K45,'9th Grade (Quarter)'!M40:M45,'9th Grade (Quarter)'!O40:O45;'10th Grade (Quarter)'!K10:K15,'10th Grade (Quarter)'!M10:M15,'10th Grade (Quarter)'!O10:O15;'10th Grade (Quarter)'!K20:K25,'10th Grade (Quarter)'!M20:M25,'10th Grade (Quarter)'!O20:O25;'10th Grade (Quarter)'!K30:K35,'10th Grade (Quarter)'!M30:M35,'10th Grade (Quarter)'!O30:O35;'10th Grade (Quarter)'!K40:K45,'10th Grade (Quarter)'!M40:M45,'10th Grade (Quarter)'!O40:O45;K10:K15,M10:M15,O10:O15;K20:K25,M20:M25,O20:O25;K30:K35,M30:M35,O30:O35;K40:K45,M40:M45,O40:O45},1,2)} -> Loading... | C5: Parent/Guardian | F5: ='Getting Started'!$G$12 | I5: Address | K5: ='Getting Started'!$I$12
B6: Total Credits
B7: =IF('10th Grade (Quarter)'!B7+M52 = 0, "", '10th Grade (Quarter)'!B7+M52) -> Loading... | C7: Expected Graduation | F7: ='Getting Started'!$G$14 | I7: Email Address | K7: ='Getting Started'!$I$14
B8: Classes (Quarter 1)
B9: Course Title | K9: Credits | L9: Met Requirements | M9: Grade | O9: Weight
L11: FALSE
L12: FALSE
L13: FALSE
L14: FALSE
L15: FALSE
B16: Notes | J16: Cumulative (Quarter 1)
J17: Grade Point Average | M17: Total Credits
B18: Classes (Quarter 2) | J18: {=GPA({K10:K15,M10:M15,O10:O15},1,2)} -> Loading... | M18: {=CREDITSSUM({K10:K15,M10:M15},1,2)} -> Loading...
B19: Course Title | K19: Credits | L19: Met Requirements | M19: Grade | O19: Weight
L21: FALSE
L22: FALSE
L23: FALSE
L24: FALSE
L25: FALSE
B26: Notes | J26: Cumulative (Quarter 2)
J27: Grade Point Average | M27: Total Credits
B28: Classes (Quarter 3) | J28: {=GPA({K20:K25,M20:M25,O20:O25},1,2)} -> Loading... | M28: {=CREDITSSUM({K20:K25,M20:M25},1,2)} -> Loading...
B29: Course Title | K29: Credits | L29: Met Requirements | M29: Grade | O29: Weight
L31: FALSE
L32: FALSE
L33: FALSE
L34: FALSE
L35: FALSE
B36: Notes | J36: Cumulative (Quarter 3)
J37: Grade Point Average | M37: Total Credits
B38: Classes (Quarter 4) | J38: {=GPA({K30:K35,M30:M35,O30:O35},1,2)} -> Loading... | M38: {=CREDITSSUM({K30:K35,M30:M35},1,2)} -> Loading...
B39: Course Title | K39: Credits | L39: Met Requirements | M39: Grade | O39: Weight
L41: FALSE
L42: FALSE
L43: FALSE
L44: FALSE
L45: FALSE
B46: Notes | J46: Cumulative (Quarter 4)
J47: Grade Point Average | M47: Total Credits
B48: MAP Scores | J48: {=GPA({K40:K45,M40:M45,O40:O45},1,2)} -> Loading... | M48: {=CREDITSSUM({K40:K45,M40:M45},1,2)} -> Loading...
B49: Subject | C49: RIT Score | F49: Percentile
C50: Spring | D50: Fall | E50: Winter | F50: Spring | G50: Fall | H50: Winter | J50: Cumulative
B51: Math | J51: Grade Point Average | M51: Total Credits
B52: Reading | J52: {=GPA({K10:K15,M10:M15,O10:O15;K20:K25,M20:M25,O20:O25;K30:K35,M30:M35,O30:O35;K40:K45,M40:M45,O40:O45},1,2)} -> Loading... | M52: {=CREDITSSUM({K10:K15,M10:M15;K20:K25,M20:M25;K30:K35,M30:M35;K40:K45,M40:M45},1,2)} -> Loading...
B53: Language Usage
B54: Science

Sheet 12th Grade (Quarter)
C1: Student Information | I1: School Information
B2: Grade Scale
B3: 0-4 | C3: Full Name | F3: ='Getting Started'!$G$10 | I3: Name | K3: ='Getting Started'!$I$10
B4: Cumulative GPA | C4: Date of Birth | F4: ='Getting Started'!$G$11 | I4: Phone Number | K4: ='Getting Started'!$I$11
B5: {=GPA({'9th Grade (Quarter)'!K10:K15,'9th Grade (Quarter)'!M10:M15,'9th Grade (Quarter)'!O10:O15;'9th Grade (Quarter)'!K20:K25,'9th Grade (Quarter)'!M20:M25,'9th Grade (Quarter)'!O20:O25;'9th Grade (Quarter)'!K30:K35,'9th Grade (Quarter)'!M30:M35,'9th Grade (Quarter)'!O30:O35;'9th Grade (Quarter)'!K40:K45,'9th Grade (Quarter)'!M40:M45,'9th Grade (Quarter)'!O40:O45;'10th Grade (Quarter)'!K10:K15,'10th Grade (Quarter)'!M10:M15,'10th Grade (Quarter)'!O10:O15;'10th Grade (Quarter)'!K20:K25,'10th Grade (Quarter)'!M20:M25,'10th Grade (Quarter)'!O20:O25;'10th Grade (Quarter)'!K30:K35,'10th Grade (Quarter)'!M30:M35,'10th Grade (Quarter)'!O30:O35;'10th Grade (Quarter)'!K40:K45,'10th Grade (Quarter)'!M40:M45,'10th Grade (Quarter)'!O40:O45;'11th Grade (Quarter)'!K10:K15,'11th Grade (Quarter)'!M10:M15,'11th Grade (Quarter)'!O10:O15;'11th Grade (Quarter)'!K20:K25,'11th Grade (Quarter)'!M20:M25,'11th Grade (Quarter)'!O20:O25;'11th Grade (Quarter)'!K30:K35,'11th Grade (Quarter)'!M30:M35,'11th Grade (Quarter)'!O30:O35;'11th Grade (Quarter)'!K40:K45,'11th Grade (Quarter)'!M40:M45,'11th Grade (Quarter)'!O40:O45;K10:K15,M10:M15,O10:O15;K20:K25,M20:M25,O20:O25;K30:K35,M30:M35,O30:O35;K40:K45,M40:M45,O40:O45},1,2)} -> Loading... | C5: Parent/Guardian | F5: ='Getting Started'!$G$12 | I5: Address | K5: ='Getting Started'!$I$12
B6: Total Credits
B7: =IF('11th Grade (Quarter)'!B7+M52 = 0, "", '11th Grade (Quarter)'!B7+M52) -> Loading... | C7: Expected Graduation | F7: ='Getting Started'!$G$14 | I7: Email Address | K7: ='Getting Started'!$I$14
B8: Classes (Quarter 1)
B9: Course Title | K9: Credits | L9: Met Requirements | M9: Grade | O9: Weight
L11: FALSE
L12: FALSE
L13: FALSE
L14: FALSE
L15: FALSE
B16: Notes | J16: Cumulative (Quarter 1)
J17: Grade Point Average | M17: Total Credits
B18: Classes (Quarter 2) | J18: {=GPA({K10:K15,M10:M15,O10:O15},1,2)} -> Loading... | M18: {=CREDITSSUM({K10:K15,M10:M15},1,2)} -> Loading...
B19: Course Title | K19: Credits | L19: Met Requirements | M19: Grade | O19: Weight
L21: FALSE
L22: FALSE
L23: FALSE
L24: FALSE
L25: FALSE
B26: Notes | J26: Cumulative (Quarter 2)
J27: Grade Point Average | M27: Total Credits
B28: Classes (Quarter 3) | J28: {=GPA({K20:K25,M20:M25,O20:O25},1,2)} -> Loading... | M28: {=CREDITSSUM({K20:K25,M20:M25},1,2)} -> Loading...
B29: Course Title | K29: Credits | L29: Met Requirements | M29: Grade | O29: Weight
L31: FALSE
L32: FALSE
L33: FALSE
L34: FALSE
L35: FALSE
B36: Notes | J36: Cumulative (Quarter 3)
J37: Grade Point Average | M37: Total Credits
B38: Classes (Quarter 4) | J38: {=GPA({K30:K35,M30:M35,O30:O35},1,2)} -> Loading... | M38: {=CREDITSSUM({K30:K35,M30:M35},1,2)} -> Loading...
B39: Course Title | K39: Credits | L39: Met Requirements | M39: Grade | O39: Weight
L41: FALSE
L42: FALSE
L43: FALSE
L44: FALSE
L45: FALSE
B46: Notes | J46: Cumulative (Quarter 4)
J47: Grade Point Average | M47: Total Credits
B48: MAP Scores | J48: {=GPA({K40:K45,M40:M45,O40:O45},1,2)} -> Loading... | M48: {=CREDITSSUM({K40:K45,M40:M45},1,2)} -> Loading...
B49: Subject | C49: RIT Score | F49: Percentile
C50: Spring | D50: Fall | E50: Winter | F50: Spring | G50: Fall | H50: Winter | J50: Cumulative
B51: Math | J51: Grade Point Average | M51: Total Credits
B52: Reading | J52: {=GPA({K10:K15,M10:M15,O10:O15;K20:K25,M20:M25,O20:O25;K30:K35,M30:M35,O30:O35;K40:K45,M40:M45,O40:O45},1,2)} -> Loading... | M52: {=CREDITSSUM({K10:K15,M10:M15;K20:K25,M20:M25;K30:K35,M30:M35;K40:K45,M40:M45},1,2)} -> Loading...
B53: Language Usage
B54: Science

Sheet Template_Year
C1: Student Information | I1: School Information
B2: Grade Scale | C2: Full Name | F2: ='Getting Started'!$G$10 | I2: Name | K2: ='Getting Started'!$I$10
B3: 0-4 | C3: Date of Birth | F3: ='Getting Started'!$G$11 | I3: Phone Number | K3: ='Getting Started'!$I$11
C4: Parent/Guardian | F4: ='Getting Started'!$G$12 | I4: Address | K4: ='Getting Started'!$I$12
C5: Expected Graduation | F5: ='Getting Started'!$G$14 | I5: Email Address | K5: ='Getting Started'!$I$14
B6: Classes
B7: Course Title | K7: Credits | L7: Met Requirements | M7: Grade | O7: Weight
L8: FALSE
L9: FALSE
L10: FALSE
L11: FALSE
L12: FALSE
L13: FALSE
L14: FALSE
L15: FALSE
L16: FALSE
L17: FALSE
L18: FALSE
L19: FALSE
... L49: FALSE
B51: MAP Scores | J51: Cumulative
B52: Subject | C52: RIT Score | F52: Percentile | J52: Grade Point Average | M52: Total Credits
C53: Spring | D53: Fall | E53: Winter | F53: Spring | G53: Fall | H53: Winter | J53: {=GPA({$K$8:$K$49,$M$8:$M$49,$O$8:$O$49},1,2)} -> Loading... | M53: {=CREDITSSUM({$K$8:$K$49,$M$8:$M$49},1,2)} -> Loading...
B54: Math
B55: Reading
B56: Language Usage
B57: Science

Sheet Template_Semester
C1: Student Information | I1: School Information
B2: Grade Scale | C2: Full Name | F2: ='Getting Started'!$G$10 | I2: Name | K2: ='Getting Started'!$I$10
B3: 0-4 | C3: Date of Birth | F3: ='Getting Started'!$G$11 | I3: Phone Number | K3: ='Getting Started'!$I$11
C4: Parent/Guardian | F4: ='Getting Started'!$G$12 | I4: Address | K4: ='Getting Started'!$I$12
C5: Expected Graduation | F5: ='Getting Started'!$G$14 | I5: Email Address | K5: ='Getting Started'!$I$14
B6: Classes (Semester 1)
B7: Course Title | K7: Credits | L7: Met Requirements | M7: Grade | O7: Weight
L9: FALSE
L10: FALSE
L11: FALSE
L12: FALSE
L13: FALSE
L14: FALSE
L15: FALSE
L16: FALSE
L17: FALSE
L18: FALSE
L19: FALSE
L20: FALSE
... L25: FALSE
J26: Cumulative (Semester 1)
J27: Grade Point Average | M27: Total Credits
B28: Classes (Semester 2) | J28: {=GPA({K8:K25,M8:M25,O8:O25},1,2)} -> Loading... | M28: {=CREDITSSUM({K8:K25,M8:M25},1,2)} -> Loading...
B29: Course Title | K29: Credits | L29: Met Requirements | M29: Grade | O29: Weight
L31: FALSE
L32: FALSE
L33: FALSE
L34: FALSE
L35: FALSE
L36: FALSE
L37: FALSE
L38: FALSE
L39: FALSE
L40: FALSE
L41: FALSE
L42: FALSE
... L47: FALSE
J48: Cumulative (Semester 2)
J49: Grade Point Average | M49: Total Credits
B50: MAP Scores | J50: {=GPA({K30:K47,M30:M47,O30:O47},1,2)} -> Loading... | M50: {=CREDITSSUM({K30:K47,M30:M47},1,2)} -> Loading...
B51: Subject | C51: RIT Score | F51: Percentile
C52: Spring | D52: Fall | E52: Winter | F52: Spring | G52: Fall | H52: Winter
B53: Math | J53: Cumulative
B54: Reading | J54: Grade Point Average | M54: Total Credits
B55: Language Usage | J55: {=GPA({K8:K25,M8:M25,O8:O25;K30:K47,M30:M47,O30:O47},1,2)} -> Loading... | M55: {=CREDITSSUM({K8:K25,M8:M25;K30:K47,M30:M47},1,2)} -> Loading...
B56: Science

Sheet Template_Trimester
C1: Student Information | I1: School Information
B2: Grade Scale | C2: Full Name | F2: ='Getting Started'!$G$10 | I2: Name | K2: ='Getting Started'!$I$10
B3: 0-4 | C3: Date of Birth | F3: ='Getting Started'!$G$11 | I3: Phone Number | K3: ='Getting Started'!$I$11
C4: Parent/Guardian | F4: ='Getting Started'!$G$12 | I4: Address | K4: ='Getting Started'!$I$12
C5: Expected Graduation | F5: ='Getting Started'!$G$14 | I5: Email Address | K5: ='Getting Started'!$I$14
B6: Classes (Trimester 1)
B7: Course Title | K7: Credits | L7: Met Requirements | M7: Grade | O7: Weight
L9: FALSE
L10: FALSE
L11: FALSE
L12: FALSE
L13: FALSE
L14: FALSE
L15: FALSE
L16: FALSE
L17: FALSE
J18: Cumulative (Trimester 1)
J19: Grade Point Average | M19: Total Credits
B20: Classes (Trimester 2) | J20: {=GPA({K8:K17,M8:M17,O8:O17},1,2)} -> Loading... | M20: {=CREDITSSUM({K8:K17,M8:M17},1,2)} -> Loading...
B21: Course Title | K21: Credits | L21: Met Requirements | M21: Grade | O21: Weight
L23: FALSE
L24: FALSE
L25: FALSE
L26: FALSE
L27: FALSE
L28: FALSE
L29: FALSE
L30: FALSE
L31: FALSE
J32: Cumulative (Trimester 2)
J33: Grade Point Average | M33: Total Credits
B34: Classes (Trimester 3) | J34: {=GPA({K22:K31,M22:M31,O22:O31},1,2)} -> Loading... | M34: {=CREDITSSUM({K22:K31,M22:M31},1,2)} -> Loading...
B35: Course Title | K35: Credits | L35: Met Requirements | M35: Grade | O35: Weight
L37: FALSE
L38: FALSE
L39: FALSE
L40: FALSE
L41: FALSE
L42: FALSE
L43: FALSE
L44: FALSE
L45: FALSE
J46: Cumulative (Trimester 3)
J47: Grade Point Average | M47: Total Credits
B48: MAP Scores | J48: {=GPA({K36:K45,M36:M45,O36:O45},1,2)} -> Loading... | M48: {=CREDITSSUM({K36:K45,M36:M45},1,2)} -> Loading...
B49: Subject | C49: RIT Score | F49: Percentile
C50: Spring | D50: Fall | E50: Winter | F50: Spring | G50: Fall | H50: Winter | J50: Cumulative
B51: Math | J51: Grade Point Average | M51: Total Credits
B52: Reading | J52: {=GPA({K8:K17,M8:M17,O8:O17;K22:K31,M22:M31,O22:O31;K36:K45,M36:M45,O36:O45},1,2)} -> Loading... | M52: {=CREDITSSUM({K8:K17,M8:M17;K22:K31,M22:M31;K36:K45,M36:M45},1,2)} -> Loading...
B53: Language Usage
B54: Science

Sheet Template_Quarter
C1: Student Information | I1: School Information
B2: Grade Scale | C2: Full Name | F2: ='Getting Started'!$G$10 | I2: Name | K2: ='Getting Started'!$I$10
B3: 0-4 | C3: Date of Birth | F3: ='Getting Started'!$G$11 | I3: Phone Number | K3: ='Getting Started'!$I$11
C4: Parent/Guardian | F4: ='Getting Started'!$G$12 | I4: Address | K4: ='Getting Started'!$I$12
C5: Expected Graduation | F5: ='Getting Started'!$G$14 | I5: Email Address | K5: ='Getting Started'!$I$14
B6: Classes (Quarter 1)
B7: Course Title | K7: Credits | L7: Met Requirements | M7: Grade | O7: Weight
L9: FALSE
L10: FALSE
L11: FALSE
L12: FALSE
L13: FALSE
J14: Cumulative (Quarter 1)
J15: Grade Point Average | M15: Total Credits
B16: Classes (Quarter 2) | J16: {=GPA({K8:K13,M8:M13,O8:O13},1,2)} -> Loading... | M16: {=CREDITSSUM({K8:K13,M8:M13},1,2)} -> Loading...
B17: Course Title | K17: Credits | L17: Met Requirements | M17: Grade | O17: Weight
L19: FALSE
L20: FALSE
L21: FALSE
L22: FALSE
L23: FALSE
J24: Cumulative (Quarter 2)
J25: Grade Point Average | M25: Total Credits
B26: Classes (Quarter 3) | J26: {=GPA({K18:K23,M18:M23,O18:O23},1,2)} -> Loading... | M26: {=CREDITSSUM({K18:K23,M18:M23},1,2)} -> Loading...
B27: Course Title | K27: Credits | L27: Met Requirements | M27: Grade | O27: Weight
L29: FALSE
L30: FALSE
L31: FALSE
L32: FALSE
L33: FALSE
J34: Cumulative (Quarter 3)
J35: Grade Point Average | M35: Total Credits
B36: Classes (Quarter 4) | J36: {=GPA({K28:K33,M28:M33,O28:O33},1,2)} -> Loading... | M36: {=CREDITSSUM({K28:K33,M28:M33},1,2)} -> Loading...
B37: Course Title | K37: Credits | L37: Met Requirements | M37: Grade | O37: Weight
L39: FALSE
L40: FALSE
L41: FALSE
L42: FALSE
L43: FALSE
J44: Cumulative (Quarter 4)
B45: MAP Scores | J45: Grade Point Average | M45: Total Credits
B46: Subject | C46: RIT Score | F46: Percentile | J46: {=GPA({K38:K43,M38:M43,O38:O43},1,2)} -> Loading... | M46: {=CREDITSSUM({K38:K43,M38:M43},1,2)} -> Loading...
C47: Spring | D47: Fall | E47: Winter | F47: Spring | G47: Fall | H47: Winter
B48: Math | J48: Cumulative
B49: Reading | J49: Grade Point Average | M49: Total Credits
B50: Language Usage | J50: {=GPA({K8:K13,M8:M13,O8:O13;K18:K23,M18:M23,O18:O23;K28:K33,M28:M33,O28:O33;K38:K43,M38:M43,O38:O43},1,2)} -> Loading... | M50: {=CREDITSSUM({K8:K13,M8:M13;K18:K23,M18:M23;K28:K33,M28:M33;K38:K43,M38:M43},1,2)} -> Loading...
B51: Science
